surface,time_s,waypoint_index,x,y,z,force_n,speed_m_s,mode,event
mirror,0.0,0,0.55,0.285,0.7775000000000003,1.2000000000000002,0.0,position,approach
mirror,0.05,0,0.55,0.285,0.7775000000000003,2.4000000000000004,0.0,position,approach
mirror,0.1,0,0.55,0.285,0.7775000000000003,2.4000000000000004,0.0,force,switch_to_force_control
mirror,0.15000000000000002,0,0.55,0.285,0.7775000000000003,3.2100000000000004,0.144,force,track
mirror,0.2,1,0.55,0.285,0.7975000000000003,3.83775,0.14605738684473268,force,track
mirror,0.25,1,0.55,0.285,0.7975000000000003,4.32425625,0.14786530612342613,force,track
mirror,0.3,1,0.55,0.285,0.7975000000000003,4.70129859375,0.1492045393535641,force,track
mirror,0.35,2,0.55,0.285,0.8175000000000003,4.99350641015625,0.14786530612342613,force,track
mirror,0.39999999999999997,2,0.55,0.285,0.8175000000000003,5.219967467871094,0.1492045393535641,force,track
mirror,0.44999999999999996,2,0.55,0.285,0.8175000000000003,5.395474787600098,0.14991269837993076,force,track
mirror,0.49999999999999994,3,0.55,0.285,0.8375000000000004,5.531492960390076,0.1492045393535641,force,track
mirror,0.5499999999999999,3,0.55,0.285,0.8375000000000004,5.636907044302309,0.14991269837993076,force,track
mirror,0.6,3,0.55,0.285,0.8375000000000004,5.71860295933429,0.14990391568124362,force,track
mirror,0.65,4,0.55,0.285,0.8775000000000004,5.781917293484074,0.14991269837993076,force,track
mirror,0.7000000000000001,4,0.55,0.285,0.8775000000000004,5.830985902450157,0.14990391568124362,force,track
mirror,0.7500000000000001,4,0.55,0.285,0.8775000000000004,5.869014074398872,0.14917925619989322,force,track
mirror,0.8000000000000002,4,0.55,0.285,0.8775000000000004,5.898485907659126,0.14782658821280703,force,track
mirror,0.8500000000000002,4,0.55,0.285,0.8775000000000004,5.921326578435822,0.14600992890093542,force,track
mirror,0.9000000000000002,4,0.55,0.285,0.8775000000000004,5.939028098287762,0.1439495565157971,force,track
mirror,0.9500000000000003,5,0.55,-0.285,0.8649999999999999,5.952746776173016,0.14990391568124362,force,track
mirror,1.0000000000000002,5,0.55,-0.285,0.8649999999999999,5.963378751534087,0.14917925619989322,force,track
mirror,1.0500000000000003,5,0.55,-0.285,0.8649999999999999,5.971618532438917,0.14782658821280703,force,track
mirror,1.1000000000000003,5,0.55,-0.285,0.8649999999999999,5.978004362640161,0.14600992890093542,force,track
mirror,1.1500000000000004,5,0.55,-0.285,0.8649999999999999,5.982953381046125,0.1439495565157971,force,track
mirror,1.2000000000000004,5,0.55,-0.285,0.8649999999999999,5.986788870310747,0.14189530063386227,force,track
mirror,1.2500000000000004,5,0.55,-0.285,0.8649999999999999,5.989761374490829,0.140096249177609,force,track
mirror,1.3000000000000005,5,0.55,-0.285,0.8649999999999999,5.992065065230393,0.13877054536551847,force,track
mirror,1.3500000000000005,5,0.55,-0.285,0.8649999999999999,5.993850425553554,0.13807893684898057,force,track
mirror,1.4000000000000006,5,0.55,-0.285,0.8649999999999999,5.995234079804004,0.138105284324254,force,track
mirror,1.4500000000000006,5,0.55,-0.285,0.8649999999999999,5.996306411848103,0.13884639303944044,force,track
mirror,1.5000000000000007,5,0.55,-0.285,0.8649999999999999,5.99713746918228,0.14021240017276607,force,track
mirror,1.5500000000000007,5,0.55,-0.285,0.8649999999999999,5.997781538616267,0.14203767111078153,force,track
mirror,1.6000000000000008,5,0.55,-0.285,0.8649999999999999,5.998280692427607,0.14410088340290608,force,track
mirror,1.6500000000000008,5,0.55,-0.285,0.8649999999999999,5.9986675366313955,0.1461518631209568,force,track
mirror,1.7000000000000008,5,0.55,-0.285,0.8649999999999999,5.998967340889331,0.14794191959231273,force,track
mirror,1.7500000000000009,5,0.55,-0.285,0.8649999999999999,5.999199689189232,0.14925400028155728,force,track
mirror,1.800000000000001,5,0.55,-0.285,0.8649999999999999,5.999379759121655,0.149929009403262,force,track
mirror,1.850000000000001,5,0.55,-0.285,0.8649999999999999,5.999519313319283,0.1498850990137224,force,track
mirror,1.900000000000001,5,0.55,-0.285,0.8649999999999999,5.999627467822444,0.14912759344852966,force,track
mirror,1.950000000000001,5,0.55,-0.285,0.8649999999999999,5.999711287562394,0.14774834372252513,force,track
mirror,2.000000000000001,5,0.55,-0.285,0.8649999999999999,5.999776247860855,0.1459145901740961,force,track
mirror,2.0500000000000007,5,0.55,-0.285,0.8649999999999999,5.9998265920921625,0.14384868380913804,force,track
mirror,2.1000000000000005,5,0.55,-0.285,0.8649999999999999,5.999865608871426,0.14180112522448843,force,track
mirror,2.1500000000000004,5,0.55,-0.285,0.8649999999999999,5.999895846875355,0.140020190264694,force,track
mirror,2.2,5,0.55,-0.285,0.8649999999999999,5.9999192813284,0.13872182544016995,force,track
mirror,2.25,5,0.55,-0.285,0.8649999999999999,5.99993744302951,0.1380634634250069,force,track
mirror,2.3,5,0.55,-0.285,0.8649999999999999,5.999951518347871,0.1381249336250921,force,track
mirror,2.3499999999999996,5,0.55,-0.285,0.8649999999999999,5.9999624267196,0.13889878249748178,force,track
mirror,2.3999999999999995,5,0.55,-0.285,0.8649999999999999,5.99997088070769,0.14029117732657778,force,track
mirror,2.4499999999999993,5,0.55,-0.285,0.8649999999999999,5.99997743254846,0.14213328387011323,force,track
mirror,2.499999999999999,5,0.55,-0.285,0.8649999999999999,5.999982510225056,0.1442017382833268,force,track
mirror,2.549999999999999,5,0.55,-0.285,0.8649999999999999,5.999986445424419,0.14624573100687452,force,track
mirror,2.5999999999999988,5,0.55,-0.285,0.8649999999999999,5.999989495203924,0.1480174185731796,force,track
mirror,2.6499999999999986,5,0.55,-0.285,0.8649999999999999,5.999991858783042,0.1493019757605878,force,track
mirror,2.6999999999999984,5,0.55,-0.285,0.8649999999999999,5.999993690556857,0.14994364413416922,force,track
mirror,2.7499999999999982,5,0.55,-0.285,0.8649999999999999,5.9999951101815645,0.14986461846844007,force,track
mirror,2.799999999999998,5,0.55,-0.285,0.8649999999999999,5.999996210390712,0.1490744809868576,force,track
mirror,2.849999999999998,5,0.55,-0.285,0.8649999999999999,5.999997063052802,0.14766903947339366,force,track
mirror,2.8999999999999977,5,0.55,-0.285,0.8649999999999999,5.9999977238659215,0.1458187101404742,force,track
mirror,2.9499999999999975,5,0.55,-0.285,0.8649999999999999,5.999998235996089,0.14374785388368697,force,track
mirror,2.9999999999999973,5,0.55,-0.285,0.8649999999999999,5.999998632896969,0.14170757149689597,force,track
mirror,3.049999999999997,5,0.55,-0.285,0.8649999999999999,5.999998940495151,0.13994525655237403,force,track
mirror,3.099999999999997,5,0.55,-0.285,0.8649999999999999,5.9999991788837415,0.138674597798511,force,track
mirror,3.149999999999997,5,0.55,-0.285,0.8649999999999999,5.9999993636349,0.13804966842159364,force,track
mirror,3.1999999999999966,5,0.55,-0.285,0.8649999999999999,5.999999506817048,0.13814624396719105,force,track
mirror,3.2499999999999964,5,0.55,-0.285,0.8649999999999999,5.999999617783212,0.13895261420863342,force,track
mirror,3.2999999999999963,5,0.55,-0.285,0.8649999999999999,5.999999703781989,0.14037100306556227,force,track
mirror,3.349999999999996,5,0.55,-0.285,0.8649999999999999,5.9999997704310415,0.14222942440093142,force,track
mirror,3.399999999999996,5,0.55,-0.285,0.8649999999999999,5.999999822084058,0.14430253612684085,force,track
mirror,3.4499999999999957,5,0.55,-0.285,0.8649999999999999,5.9999998621151445,0.14633896396347826,force,track
mirror,3.4999999999999956,5,0.55,-0.285,0.8649999999999999,5.999999893139237,0.1480917817204088,force,track
mirror,3.5499999999999954,5,0.55,-0.285,0.8649999999999999,5.999999917182909,0.1493484522266812,force,track
mirror,3.599999999999995,5,0.55,-0.285,0.8649999999999999,5.999999935816755,0.14995659843501544,force,track
mirror,3.649999999999995,5,0.55,-0.285,0.8649999999999999,5.999999950257985,0.1498424798358046,force,track
mirror,3.699999999999995,5,0.55,-0.285,0.8649999999999999,5.999999961449938,0.1490199338312163,force,track
mirror,3.7499999999999947,5,0.55,-0.285,0.8649999999999999,5.999999970123702,0.14758869788688342,force,track
mirror,3.7999999999999945,5,0.55,-0.285,0.8649999999999999,5.999999976845869,0.14572231590796636,force,track
mirror,3.8499999999999943,5,0.55,-0.285,0.8649999999999999,5.999999982055549,0.1436470952468097,force,track
mirror,3.899999999999994,5,0.55,-0.285,0.8649999999999999,5.999999986093051,0.1416146659012714,force,track
mirror,3.949999999999994,5,0.55,-0.285,0.8649999999999999,5.999999989222114,0.13987146922645022,force,track
mirror,3.999999999999994,5,0.55,-0.285,0.8649999999999999,5.9999999916471385,0.13862887579308192,force,track
mirror,4.049999999999994,5,0.55,-0.285,0.8649999999999999,5.999999993526532,0.13803755573896404,force,track
mirror,4.099999999999993,5,0.55,-0.285,0.8649999999999999,5.999999994983062,0.1381692093255368,force,track
mirror,4.149999999999993,5,0.55,-0.285,0.8649999999999999,5.999999996111873,0.1390078729532046,force,track
mirror,4.199999999999993,5,0.55,-0.285,0.8649999999999999,5.999999996986701,0.14045185482080924,force,track
mirror,4.249999999999993,5,0.55,-0.285,0.8649999999999999,5.999999997664693,0.14232606552168986,force,track
mirror,4.299999999999993,5,0.55,-0.285,0.8649999999999999,5.999999998190137,0.14440324843515284,force,track
mirror,4.3499999999999925,5,0.55,-0.285,0.8649999999999999,5.999999998597356,0.1464315356312721,force,track
mirror,4.399999999999992,5,0.55,-0.285,0.8649999999999999,5.99999999891295,0.14816498800951344,force,track
mirror,4.449999999999992,5,0.55,-0.285,0.8649999999999999,5.999999999157537,0.1493934165396748,force,track
mirror,4.499999999999992,5,0.55,-0.285,0.8649999999999999,5.999999999347091,0.149967868643267,force,track
mirror,4.549999999999992,5,0.55,-0.285,0.8649999999999999,5.999999999493996,0.1498186893750103,force,track
mirror,4.599999999999992,5,0.55,-0.285,0.8649999999999999,5.999999999607847,0.1489639674035723,force,track
mirror,4.6499999999999915,5,0.55,-0.285,0.8649999999999999,5.999999999696081,0.14750734167774898,force,track
mirror,4.699999999999991,5,0.55,-0.285,0.8649999999999999,5.999999999764463,0.1456254347298472,force,track
mirror,4.749999999999991,5,0.55,-0.285,0.8649999999999999,5.999999999817459,0.14354643638571685,force,track
mirror,4.799999999999991,6,0.55,-0.285,0.8249999999999998,5.999999999858531,0.14917925619989322,force,track
mirror,4.849999999999991,6,0.55,-0.285,0.8249999999999998,5.9999999998903615,0.14782658821280703,force,track
mirror,4.899999999999991,6,0.55,-0.285,0.8249999999999998,5.99999999991503,0.14600992890093542,force,track
mirror,4.94999999999999,6,0.55,-0.285,0.8249999999999998,5.999999999934148,0.1439495565157971,force,track
mirror,4.99999999999999,6,0.55,-0.285,0.8249999999999998,5.999999999948964,0.14189530063386227,force,track
mirror,5.04999999999999,6,0.55,-0.285,0.8249999999999998,5.999999999960448,0.140096249177609,force,track
mirror,5.09999999999999,7,0.55,-0.285,0.7849999999999998,5.999999999969347,0.14782658821280703,force,track
mirror,5.14999999999999,7,0.55,-0.285,0.7849999999999998,5.999999999976244,0.14600992890093542,force,track
mirror,5.1999999999999895,7,0.55,-0.285,0.7849999999999998,5.999999999981589,0.1439495565157971,force,track
mirror,5.249999999999989,7,0.55,-0.285,0.7849999999999998,5.999999999985731,0.14189530063386227,force,track
mirror,5.299999999999989,7,0.55,-0.285,0.7849999999999998,5.999999999988942,0.140096249177609,force,track
mirror,5.349999999999989,7,0.55,-0.285,0.7849999999999998,5.99999999999143,0.13877054536551847,force,track
mirror,5.399999999999989,8,0.55,-0.285,0.6849999999999997,5.999999999993358,0.14600992890093542,force,track
mirror,5.449999999999989,8,0.55,-0.285,0.6849999999999997,5.999999999994853,0.1439495565157971,force,track
mirror,5.4999999999999885,8,0.55,-0.285,0.6849999999999997,5.999999999996011,0.14189530063386227,force,track
mirror,5.549999999999988,8,0.55,-0.285,0.6849999999999997,5.999999999996908,0.140096249177609,force,track
mirror,5.599999999999988,8,0.55,-0.285,0.6849999999999997,5.999999999997604,0.13877054536551847,force,track
mirror,5.649999999999988,8,0.55,-0.285,0.6849999999999997,5.999999999998143,0.13807893684898057,force,track
mirror,5.699999999999988,8,0.55,-0.285,0.6849999999999997,5.99999999999856,0.138105284324254,force,track
mirror,5.749999999999988,8,0.55,-0.285,0.6849999999999997,5.9999999999988844,0.13884639303944044,force,track
mirror,5.799999999999987,8,0.55,-0.285,0.6849999999999997,5.999999999999136,0.14021240017276607,force,track
mirror,5.849999999999987,8,0.55,-0.285,0.6849999999999997,5.99999999999933,0.14203767111078153,force,track
mirror,5.899999999999987,8,0.55,-0.285,0.6849999999999997,5.999999999999481,0.14410088340290608,force,track
mirror,5.949999999999987,8,0.55,-0.285,0.6849999999999997,5.999999999999598,0.1461518631209568,force,track
mirror,5.999999999999987,8,0.55,-0.285,0.6849999999999997,5.999999999999688,0.14794191959231273,force,track
mirror,6.0499999999999865,8,0.55,-0.285,0.6849999999999997,5.999999999999758,0.14925400028155728,force,track
mirror,6.099999999999986,9,0.55,-0.285,0.6649999999999997,5.999999999999813,0.1439495565157971,force,track
mirror,6.149999999999986,9,0.55,-0.285,0.6649999999999997,5.999999999999854,0.14189530063386227,force,track
mirror,6.199999999999986,9,0.55,-0.285,0.6649999999999997,5.999999999999887,0.140096249177609,force,track
mirror,6.249999999999986,10,0.55,-0.285,0.6449999999999997,5.999999999999913,0.14189530063386227,force,track
mirror,6.299999999999986,10,0.55,-0.285,0.6449999999999997,5.9999999999999325,0.140096249177609,force,track
mirror,6.349999999999985,10,0.55,-0.285,0.6449999999999997,5.999999999999948,0.13877054536551847,force,track
mirror,6.399999999999985,11,0.55,-0.285,0.5849999999999996,5.999999999999959,0.140096249177609,force,track
mirror,6.449999999999985,11,0.55,-0.285,0.5849999999999996,5.999999999999968,0.13877054536551847,force,track
mirror,6.499999999999985,11,0.55,-0.285,0.5849999999999996,5.999999999999975,0.13807893684898057,force,track
mirror,6.549999999999985,11,0.55,-0.285,0.5849999999999996,5.9999999999999805,0.138105284324254,force,track
mirror,6.5999999999999845,11,0.55,-0.285,0.5849999999999996,5.999999999999985,0.13884639303944044,force,track
mirror,6.649999999999984,11,0.55,-0.285,0.5849999999999996,5.9999999999999885,0.14021240017276607,force,track
mirror,6.699999999999984,11,0.55,-0.285,0.5849999999999996,5.999999999999991,0.14203767111078153,force,track
mirror,6.749999999999984,11,0.55,-0.285,0.5849999999999996,5.999999999999993,0.14410088340290608,force,track
mirror,6.799999999999984,11,0.55,-0.285,0.5849999999999996,5.999999999999995,0.1461518631209568,force,track
mirror,6.849999999999984,12,0.55,-0.285,0.5649999999999996,5.999999999999996,0.13877054536551847,force,track
mirror,6.8999999999999835,12,0.55,-0.285,0.5649999999999996,5.9999999999999964,0.13807893684898057,force,track
mirror,6.949999999999983,12,0.55,-0.285,0.5649999999999996,5.999999999999997,0.138105284324254,force,track
mirror,6.999999999999983,13,0.55,-0.285,0.5449999999999996,5.999999999999998,0.13807893684898057,force,track
mirror,7.049999999999983,13,0.55,-0.285,0.5449999999999996,5.999999999999998,0.138105284324254,force,track
mirror,7.099999999999983,13,0.55,-0.285,0.5449999999999996,5.999999999999998,0.13884639303944044,force,track
mirror,7.149999999999983,14,0.55,-0.285,0.5249999999999996,5.999999999999998,0.138105284324254,force,track
mirror,7.199999999999982,14,0.55,-0.285,0.5249999999999996,5.999999999999998,0.13884639303944044,force,track
mirror,7.249999999999982,14,0.55,-0.285,0.5249999999999996,5.999999999999998,0.14021240017276607,force,track
mirror,7.299999999999982,15,0.55,-0.285,0.5049999999999996,5.999999999999998,0.13884639303944044,force,track
mirror,7.349999999999982,15,0.55,-0.285,0.5049999999999996,5.999999999999998,0.14021240017276607,force,track
mirror,7.399999999999982,15,0.55,-0.285,0.5049999999999996,5.999999999999998,0.14203767111078153,force,track
mirror,7.4499999999999815,16,0.55,-0.285,0.48499999999999954,5.999999999999998,0.14021240017276607,force,track
mirror,7.499999999999981,16,0.55,-0.285,0.48499999999999954,5.999999999999998,0.14203767111078153,force,track
mirror,7.549999999999981,16,0.55,-0.285,0.48499999999999954,5.999999999999998,0.14410088340290608,force,track
mirror,7.599999999999981,17,0.55,-0.285,0.4649999999999995,5.999999999999998,0.14203767111078153,force,track
mirror,7.649999999999981,17,0.55,-0.285,0.4649999999999995,5.999999999999998,0.14410088340290608,force,track
mirror,7.699999999999981,17,0.55,-0.285,0.4649999999999995,5.999999999999998,0.1461518631209568,force,track
mirror,7.7499999999999805,18,0.55,-0.24249999999999997,0.45749999999999996,5.999999999999998,0.14410088340290608,force,track
mirror,7.79999999999998,18,0.55,-0.24249999999999997,0.45749999999999996,5.999999999999998,0.1461518631209568,force,track
mirror,7.84999999999998,18,0.55,-0.24249999999999997,0.45749999999999996,5.999999999999998,0.14794191959231273,force,track
mirror,7.89999999999998,18,0.55,-0.24249999999999997,0.45749999999999996,5.999999999999998,0.14925400028155728,force,track
mirror,7.94999999999998,18,0.55,-0.24249999999999997,0.45749999999999996,5.999999999999998,0.149929009403262,force,track
mirror,7.99999999999998,18,0.55,-0.24249999999999997,0.45749999999999996,5.999999999999998,0.1498850990137224,force,track
mirror,8.04999999999998,19,0.55,-0.22249999999999998,0.45749999999999996,5.999999999999998,0.1461518631209568,force,track
mirror,8.09999999999998,19,0.55,-0.22249999999999998,0.45749999999999996,5.999999999999998,0.14794191959231273,force,track
mirror,8.14999999999998,19,0.55,-0.22249999999999998,0.45749999999999996,5.999999999999998,0.14925400028155728,force,track
mirror,8.199999999999982,20,0.55,-0.1625,0.45749999999999996,5.999999999999998,0.14794191959231273,force,track
mirror,8.249999999999982,20,0.55,-0.1625,0.45749999999999996,5.999999999999998,0.14925400028155728,force,track
mirror,8.299999999999983,20,0.55,-0.1625,0.45749999999999996,5.999999999999998,0.149929009403262,force,track
mirror,8.349999999999984,20,0.55,-0.1625,0.45749999999999996,5.999999999999998,0.1498850990137224,force,track
mirror,8.399999999999984,20,0.55,-0.1625,0.45749999999999996,5.999999999999998,0.14912759344852966,force,track
mirror,8.449999999999985,20,0.55,-0.1625,0.45749999999999996,5.999999999999998,0.14774834372252513,force,track
mirror,8.499999999999986,20,0.55,-0.1625,0.45749999999999996,5.999999999999998,0.1459145901740961,force,track
mirror,8.549999999999986,20,0.55,-0.1625,0.45749999999999996,5.999999999999998,0.14384868380913804,force,track
mirror,8.599999999999987,21,0.55,-0.14250000000000002,0.45749999999999996,5.999999999999998,0.14925400028155728,force,track
mirror,8.649999999999988,21,0.55,-0.14250000000000002,0.45749999999999996,5.999999999999998,0.149929009403262,force,track
mirror,8.699999999999989,21,0.55,-0.14250000000000002,0.45749999999999996,5.999999999999998,0.1498850990137224,force,track
mirror,8.74999999999999,22,0.55,-0.12250000000000003,0.45749999999999996,5.999999999999998,0.149929009403262,force,track
mirror,8.79999999999999,22,0.55,-0.12250000000000003,0.45749999999999996,5.999999999999998,0.1498850990137224,force,track
mirror,8.84999999999999,22,0.55,-0.12250000000000003,0.45749999999999996,5.999999999999998,0.14912759344852966,force,track
mirror,8.899999999999991,23,0.55,-0.10250000000000004,0.45749999999999996,5.999999999999998,0.1498850990137224,force,track
mirror,8.949999999999992,23,0.55,-0.10250000000000004,0.45749999999999996,5.999999999999998,0.14912759344852966,force,track
mirror,8.999999999999993,23,0.55,-0.10250000000000004,0.45749999999999996,5.999999999999998,0.14774834372252513,force,track
mirror,9.049999999999994,24,0.55,-0.08250000000000005,0.45749999999999996,5.999999999999998,0.14912759344852966,force,track
mirror,9.099999999999994,24,0.55,-0.08250000000000005,0.45749999999999996,5.999999999999998,0.14774834372252513,force,track
mirror,9.149999999999995,24,0.55,-0.08250000000000005,0.45749999999999996,5.999999999999998,0.1459145901740961,force,track
mirror,9.199999999999996,25,0.55,-0.06250000000000006,0.45749999999999996,5.999999999999998,0.14774834372252513,force,track
mirror,9.249999999999996,25,0.55,-0.06250000000000006,0.45749999999999996,5.999999999999998,0.1459145901740961,force,track
mirror,9.299999999999997,25,0.55,-0.06250000000000006,0.45749999999999996,5.999999999999998,0.14384868380913804,force,track
mirror,9.349999999999998,26,0.55,-0.042500000000000066,0.45749999999999996,5.999999999999998,0.1459145901740961,force,track
mirror,9.399999999999999,26,0.55,-0.042500000000000066,0.45749999999999996,5.999999999999998,0.14384868380913804,force,track
mirror,9.45,26,0.55,-0.042500000000000066,0.45749999999999996,5.999999999999998,0.14180112522448843,force,track
mirror,9.5,27,0.55,-0.022500000000000075,0.45749999999999996,5.999999999999998,0.14384868380913804,force,track
mirror,9.55,27,0.55,-0.022500000000000075,0.45749999999999996,5.999999999999998,0.14180112522448843,force,track
mirror,9.600000000000001,27,0.55,-0.022500000000000075,0.45749999999999996,5.999999999999998,0.140020190264694,force,track
mirror,9.650000000000002,28,0.55,-0.0025000000000000855,0.45749999999999996,5.999999999999998,0.14180112522448843,force,track
mirror,9.700000000000003,28,0.55,-0.0025000000000000855,0.45749999999999996,5.999999999999998,0.140020190264694,force,track
mirror,9.750000000000004,28,0.55,-0.0025000000000000855,0.45749999999999996,5.999999999999998,0.13872182544016995,force,track
mirror,9.800000000000004,29,0.55,0.017499999999999932,0.45749999999999996,5.999999999999998,0.140020190264694,force,track
mirror,9.850000000000005,29,0.55,0.017499999999999932,0.45749999999999996,5.999999999999998,0.13872182544016995,force,track
mirror,9.900000000000006,29,0.55,0.017499999999999932,0.45749999999999996,5.999999999999998,0.1380634634250069,force,track
mirror,9.950000000000006,30,0.55,0.037499999999999895,0.45749999999999996,5.999999999999998,0.13872182544016995,force,track
mirror,10.000000000000007,30,0.55,0.037499999999999895,0.45749999999999996,5.999999999999998,0.1380634634250069,force,track
mirror,10.050000000000008,30,0.55,0.037499999999999895,0.45749999999999996,5.999999999999998,0.1381249336250921,force,track
mirror,10.100000000000009,31,0.55,0.05749999999999986,0.45749999999999996,5.999999999999998,0.1380634634250069,force,track
mirror,10.15000000000001,31,0.55,0.05749999999999986,0.45749999999999996,5.999999999999998,0.1381249336250921,force,track
mirror,10.20000000000001,31,0.55,0.05749999999999986,0.45749999999999996,5.999999999999998,0.13889878249748178,force,track
mirror,10.25000000000001,32,0.55,0.09749999999999989,0.45749999999999996,5.999999999999998,0.1381249336250921,force,track
mirror,10.300000000000011,32,0.55,0.09749999999999989,0.45749999999999996,5.999999999999998,0.13889878249748178,force,track
mirror,10.350000000000012,32,0.55,0.09749999999999989,0.45749999999999996,5.999999999999998,0.14029117732657778,force,track
mirror,10.400000000000013,32,0.55,0.09749999999999989,0.45749999999999996,5.999999999999998,0.14213328387011323,force,track
mirror,10.450000000000014,32,0.55,0.09749999999999989,0.45749999999999996,5.999999999999998,0.1442017382833268,force,track
mirror,10.500000000000014,32,0.55,0.09749999999999989,0.45749999999999996,5.999999999999998,0.14624573100687452,force,track
mirror,10.550000000000015,33,0.55,0.13749999999999982,0.45749999999999996,5.999999999999998,0.13889878249748178,force,track
mirror,10.600000000000016,33,0.55,0.13749999999999982,0.45749999999999996,5.999999999999998,0.14029117732657778,force,track
mirror,10.650000000000016,33,0.55,0.13749999999999982,0.45749999999999996,5.999999999999998,0.14213328387011323,force,track
mirror,10.700000000000017,33,0.55,0.13749999999999982,0.45749999999999996,5.999999999999998,0.1442017382833268,force,track
mirror,10.750000000000018,33,0.55,0.13749999999999982,0.45749999999999996,5.999999999999998,0.14624573100687452,force,track
mirror,10.800000000000018,33,0.55,0.13749999999999982,0.45749999999999996,5.999999999999998,0.1480174185731796,force,track
mirror,10.85000000000002,34,0.55,0.17749999999999985,0.45749999999999996,5.999999999999998,0.14029117732657778,force,track
mirror,10.90000000000002,34,0.55,0.17749999999999985,0.45749999999999996,5.999999999999998,0.14213328387011323,force,track
mirror,10.95000000000002,34,0.55,0.17749999999999985,0.45749999999999996,5.999999999999998,0.1442017382833268,force,track
mirror,11.000000000000021,34,0.55,0.17749999999999985,0.45749999999999996,5.999999999999998,0.14624573100687452,force,track
mirror,11.050000000000022,34,0.55,0.17749999999999985,0.45749999999999996,5.999999999999998,0.1480174185731796,force,track
mirror,11.100000000000023,34,0.55,0.17749999999999985,0.45749999999999996,5.999999999999998,0.1493019757605878,force,track
mirror,11.150000000000023,35,0.55,0.24249999999999997,0.7399999999999995,5.999999999999998,0.14213328387011323,force,track
mirror,11.200000000000024,35,0.55,0.24249999999999997,0.7399999999999995,5.999999999999998,0.1442017382833268,force,track
mirror,11.250000000000025,35,0.55,0.24249999999999997,0.7399999999999995,5.999999999999998,0.14624573100687452,force,track
mirror,11.300000000000026,35,0.55,0.24249999999999997,0.7399999999999995,5.999999999999998,0.1480174185731796,force,track
mirror,11.350000000000026,35,0.55,0.24249999999999997,0.7399999999999995,5.999999999999998,0.1493019757605878,force,track
mirror,11.400000000000027,35,0.55,0.24249999999999997,0.7399999999999995,5.999999999999998,0.14994364413416922,force,track
mirror,11.450000000000028,35,0.55,0.24249999999999997,0.7399999999999995,5.999999999999998,0.14986461846844007,force,track
mirror,11.500000000000028,35,0.55,0.24249999999999997,0.7399999999999995,5.999999999999998,0.1490744809868576,force,track
mirror,11.55000000000003,35,0.55,0.24249999999999997,0.7399999999999995,5.999999999999998,0.14766903947339366,force,track
mirror,11.60000000000003,35,0.55,0.24249999999999997,0.7399999999999995,5.999999999999998,0.1458187101404742,force,track
mirror,11.65000000000003,35,0.55,0.24249999999999997,0.7399999999999995,5.999999999999998,0.14374785388368697,force,track
mirror,11.700000000000031,35,0.55,0.24249999999999997,0.7399999999999995,5.999999999999998,0.14170757149689597,force,track
mirror,11.750000000000032,35,0.55,0.24249999999999997,0.7399999999999995,5.999999999999998,0.13994525655237403,force,track
mirror,11.800000000000033,35,0.55,0.24249999999999997,0.7399999999999995,5.999999999999998,0.138674597798511,force,track
mirror,11.850000000000033,35,0.55,0.24249999999999997,0.7399999999999995,5.999999999999998,0.13804966842159364,force,track
mirror,11.900000000000034,35,0.55,0.24249999999999997,0.7399999999999995,5.999999999999998,0.13814624396719105,force,track
mirror,11.950000000000035,35,0.55,0.24249999999999997,0.7399999999999995,5.999999999999998,0.13895261420863342,force,track
mirror,12.000000000000036,35,0.55,0.24249999999999997,0.7399999999999995,5.999999999999998,0.14037100306556227,force,track
mirror,12.050000000000036,35,0.55,0.24249999999999997,0.7399999999999995,5.999999999999998,0.14222942440093142,force,track
mirror,12.100000000000037,35,0.55,0.24249999999999997,0.7399999999999995,5.999999999999998,0.14430253612684085,force,track
mirror,12.150000000000038,35,0.55,0.24249999999999997,0.7399999999999995,5.999999999999998,0.14633896396347826,force,track
mirror,12.200000000000038,35,0.55,0.24249999999999997,0.7399999999999995,5.999999999999998,0.1480917817204088,force,track
mirror,12.250000000000039,35,0.55,0.24249999999999997,0.7399999999999995,5.999999999999998,0.1493484522266812,force,track
mirror,12.30000000000004,35,0.55,0.24249999999999997,0.7399999999999995,5.999999999999998,0.14995659843501544,force,track
mirror,12.35000000000004,35,0.55,0.24249999999999997,0.7399999999999995,5.999999999999998,0.1498424798358046,force,track
mirror,12.400000000000041,35,0.55,0.24249999999999997,0.7399999999999995,5.999999999999998,0.1490199338312163,force,track
mirror,12.450000000000042,35,0.55,0.24249999999999997,0.7399999999999995,5.999999999999998,0.14758869788688342,force,track
mirror,12.500000000000043,35,0.55,0.24249999999999997,0.7399999999999995,5.999999999999998,0.14572231590796636,force,track
mirror,12.550000000000043,35,0.55,0.24249999999999997,0.7399999999999995,5.999999999999998,0.1436470952468097,force,track
mirror,12.600000000000044,35,0.55,0.24249999999999997,0.7399999999999995,5.999999999999998,0.1416146659012714,force,track
mirror,12.650000000000045,35,0.55,0.24249999999999997,0.7399999999999995,5.999999999999998,0.13987146922645022,force,track
mirror,12.700000000000045,35,0.55,0.24249999999999997,0.7399999999999995,5.999999999999998,0.13862887579308192,force,track
mirror,12.750000000000046,35,0.55,0.24249999999999997,0.7399999999999995,5.999999999999998,0.13803755573896404,force,track
mirror,12.800000000000047,35,0.55,0.24249999999999997,0.7399999999999995,5.999999999999998,0.1381692093255368,force,track
mirror,12.850000000000048,35,0.55,0.24249999999999997,0.7399999999999995,5.999999999999998,0.1390078729532046,force,track
mirror,12.900000000000048,35,0.55,0.24249999999999997,0.7399999999999995,5.999999999999998,0.14045185482080924,force,track
mirror,12.950000000000049,35,0.55,0.24249999999999997,0.7399999999999995,5.999999999999998,0.14232606552168986,force,track
mirror,13.00000000000005,35,0.55,0.24249999999999997,0.7399999999999995,5.999999999999998,0.14440324843515284,force,track
mirror,13.05000000000005,35,0.55,0.24249999999999997,0.7399999999999995,5.999999999999998,0.1464315356312721,force,track
mirror,13.100000000000051,36,0.55,0.24249999999999997,0.7599999999999995,5.999999999999998,0.1442017382833268,force,track
mirror,13.150000000000052,36,0.55,0.24249999999999997,0.7599999999999995,5.999999999999998,0.14624573100687452,force,track
mirror,13.200000000000053,36,0.55,0.24249999999999997,0.7599999999999995,5.999999999999998,0.1480174185731796,force,track
mirror,13.250000000000053,37,0.55,0.24249999999999997,0.7799999999999994,5.999999999999998,0.14624573100687452,force,track
mirror,13.300000000000054,37,0.55,0.24249999999999997,0.7799999999999994,5.999999999999998,0.1480174185731796,force,track
mirror,13.350000000000055,37,0.55,0.24249999999999997,0.7799999999999994,5.999999999999998,0.1493019757605878,force,track
mirror,13.400000000000055,38,0.55,0.24249999999999997,0.8199999999999994,5.999999999999998,0.1480174185731796,force,track
mirror,13.450000000000056,38,0.55,0.24249999999999997,0.8199999999999994,5.999999999999998,0.1493019757605878,force,track
mirror,13.500000000000057,38,0.55,0.24249999999999997,0.8199999999999994,5.999999999999998,0.14994364413416922,force,track
mirror,13.550000000000058,38,0.55,0.24249999999999997,0.8199999999999994,5.999999999999998,0.14986461846844007,force,track
mirror,13.600000000000058,38,0.55,0.24249999999999997,0.8199999999999994,5.999999999999998,0.1490744809868576,force,track
mirror,13.650000000000059,38,0.55,0.24249999999999997,0.8199999999999994,5.999999999999998,0.14766903947339366,force,track
mirror,13.70000000000006,39,0.55,0.24249999999999997,0.8399999999999993,5.999999999999998,0.1493019757605878,force,track
mirror,13.75000000000006,39,0.55,0.24249999999999997,0.8399999999999993,5.999999999999998,0.14994364413416922,force,track
mirror,13.800000000000061,39,0.55,0.24249999999999997,0.8399999999999993,5.999999999999998,0.14986461846844007,force,track
mirror,13.850000000000062,40,0.55,0.24249999999999997,0.8599999999999992,5.999999999999998,0.14994364413416922,force,track
mirror,13.900000000000063,40,0.55,0.24249999999999997,0.8599999999999992,5.999999999999998,0.14986461846844007,force,track
mirror,13.950000000000063,40,0.55,0.24249999999999997,0.8599999999999992,5.999999999999998,0.1490744809868576,force,track
mirror,14.000000000000064,41,0.55,0.24249999999999997,0.8799999999999992,5.999999999999998,0.14986461846844007,force,track
mirror,14.050000000000065,41,0.55,0.24249999999999997,0.8799999999999992,5.999999999999998,0.1490744809868576,force,track
mirror,14.100000000000065,41,0.55,0.24249999999999997,0.8799999999999992,5.999999999999998,0.14766903947339366,force,track
mirror,14.150000000000066,42,0.55,0.24249999999999997,0.8999999999999992,5.999999999999998,0.1490744809868576,force,track
mirror,14.200000000000067,42,0.55,0.24249999999999997,0.8999999999999992,5.999999999999998,0.14766903947339366,force,track
mirror,14.250000000000068,42,0.55,0.24249999999999997,0.8999999999999992,5.999999999999998,0.1458187101404742,force,track
mirror,14.300000000000068,43,0.55,0.10250000000000004,0.9425,5.999999999999998,0.14766903947339366,force,track
mirror,14.350000000000069,43,0.55,0.10250000000000004,0.9425,5.999999999999998,0.1458187101404742,force,track
mirror,14.40000000000007,43,0.55,0.10250000000000004,0.9425,5.999999999999998,0.14374785388368697,force,track
mirror,14.45000000000007,43,0.55,0.10250000000000004,0.9425,5.999999999999998,0.14170757149689597,force,track
mirror,14.500000000000071,43,0.55,0.10250000000000004,0.9425,5.999999999999998,0.13994525655237403,force,track
mirror,14.550000000000072,43,0.55,0.10250000000000004,0.9425,5.999999999999998,0.138674597798511,force,track
mirror,14.600000000000072,43,0.55,0.10250000000000004,0.9425,5.999999999999998,0.13804966842159364,force,track
mirror,14.650000000000073,43,0.55,0.10250000000000004,0.9425,5.999999999999998,0.13814624396719105,force,track
mirror,14.700000000000074,43,0.55,0.10250000000000004,0.9425,5.999999999999998,0.13895261420863342,force,track
mirror,14.750000000000075,43,0.55,0.10250000000000004,0.9425,5.999999999999998,0.14037100306556227,force,track
mirror,14.800000000000075,43,0.55,0.10250000000000004,0.9425,5.999999999999998,0.14222942440093142,force,track
mirror,14.850000000000076,43,0.55,0.10250000000000004,0.9425,5.999999999999998,0.14430253612684085,force,track
mirror,14.900000000000077,43,0.55,0.10250000000000004,0.9425,5.999999999999998,0.14633896396347826,force,track
mirror,14.950000000000077,43,0.55,0.10250000000000004,0.9425,5.999999999999998,0.1480917817204088,force,track
mirror,15.000000000000078,43,0.55,0.10250000000000004,0.9425,5.999999999999998,0.1493484522266812,force,track
mirror,15.050000000000079,43,0.55,0.10250000000000004,0.9425,5.999999999999998,0.14995659843501544,force,track
mirror,15.10000000000008,43,0.55,0.10250000000000004,0.9425,5.999999999999998,0.1498424798358046,force,track
mirror,15.15000000000008,43,0.55,0.10250000000000004,0.9425,5.999999999999998,0.1490199338312163,force,track
mirror,15.200000000000081,43,0.55,0.10250000000000004,0.9425,5.999999999999998,0.14758869788688342,force,track
mirror,15.250000000000082,43,0.55,0.10250000000000004,0.9425,5.999999999999998,0.14572231590796636,force,track
mirror,15.300000000000082,44,0.55,0.08250000000000005,0.9425,5.999999999999998,0.1458187101404742,force,track
mirror,15.350000000000083,44,0.55,0.08250000000000005,0.9425,5.999999999999998,0.14374785388368697,force,track
mirror,15.400000000000084,44,0.55,0.08250000000000005,0.9425,5.999999999999998,0.14170757149689597,force,track
mirror,15.450000000000085,45,0.55,0.06250000000000006,0.9425,5.999999999999998,0.14374785388368697,force,track
mirror,15.500000000000085,45,0.55,0.06250000000000006,0.9425,5.999999999999998,0.14170757149689597,force,track
mirror,15.550000000000086,45,0.55,0.06250000000000006,0.9425,5.999999999999998,0.13994525655237403,force,track
mirror,15.600000000000087,46,0.55,-0.057499999999999885,0.9425,5.999999999999998,0.14170757149689597,force,track
mirror,15.650000000000087,46,0.55,-0.057499999999999885,0.9425,5.999999999999998,0.13994525655237403,force,track
mirror,15.700000000000088,46,0.55,-0.057499999999999885,0.9425,5.999999999999998,0.138674597798511,force,track
mirror,15.750000000000089,46,0.55,-0.057499999999999885,0.9425,5.999999999999998,0.13804966842159364,force,track
mirror,15.80000000000009,46,0.55,-0.057499999999999885,0.9425,5.999999999999998,0.13814624396719105,force,track
mirror,15.85000000000009,46,0.55,-0.057499999999999885,0.9425,5.999999999999998,0.13895261420863342,force,track
mirror,15.900000000000091,46,0.55,-0.057499999999999885,0.9425,5.999999999999998,0.14037100306556227,force,track
mirror,15.950000000000092,46,0.55,-0.057499999999999885,0.9425,5.999999999999998,0.14222942440093142,force,track
mirror,16.000000000000092,46,0.55,-0.057499999999999885,0.9425,5.999999999999998,0.14430253612684085,force,track
mirror,16.050000000000093,46,0.55,-0.057499999999999885,0.9425,5.999999999999998,0.14633896396347826,force,track
mirror,16.100000000000094,46,0.55,-0.057499999999999885,0.9425,5.999999999999998,0.1480917817204088,force,track
mirror,16.150000000000095,46,0.55,-0.057499999999999885,0.9425,5.999999999999998,0.1493484522266812,force,track
mirror,16.200000000000095,46,0.55,-0.057499999999999885,0.9425,5.999999999999998,0.14995659843501544,force,track
mirror,16.250000000000096,46,0.55,-0.057499999999999885,0.9425,5.999999999999998,0.1498424798358046,force,track
mirror,16.300000000000097,46,0.55,-0.057499999999999885,0.9425,5.999999999999998,0.1490199338312163,force,track
mirror,16.350000000000097,46,0.55,-0.057499999999999885,0.9425,5.999999999999998,0.14758869788688342,force,track
mirror,16.400000000000098,47,0.55,-0.07749999999999985,0.9425,5.999999999999998,0.13994525655237403,force,track
mirror,16.4500000000001,47,0.55,-0.07749999999999985,0.9425,5.999999999999998,0.138674597798511,force,track
mirror,16.5000000000001,47,0.55,-0.07749999999999985,0.9425,5.999999999999998,0.13804966842159364,force,track
mirror,16.5500000000001,48,0.55,-0.09749999999999986,0.9425,5.999999999999998,0.138674597798511,force,track
mirror,16.6000000000001,48,0.55,-0.09749999999999986,0.9425,5.999999999999998,0.13804966842159364,force,track
mirror,16.6500000000001,48,0.55,-0.09749999999999986,0.9425,5.999999999999998,0.13814624396719105,force,track
mirror,16.700000000000102,49,0.55,-0.24249999999999997,0.9025,5.999999999999998,0.13804966842159364,force,track
mirror,16.750000000000103,49,0.55,-0.24249999999999997,0.9025,5.999999999999998,0.13814624396719105,force,track
mirror,16.800000000000104,49,0.55,-0.24249999999999997,0.9025,5.999999999999998,0.13895261420863342,force,track
mirror,16.850000000000104,49,0.55,-0.24249999999999997,0.9025,5.999999999999998,0.14037100306556227,force,track
mirror,16.900000000000105,49,0.55,-0.24249999999999997,0.9025,5.999999999999998,0.14222942440093142,force,track
mirror,16.950000000000106,49,0.55,-0.24249999999999997,0.9025,5.999999999999998,0.14430253612684085,force,track
mirror,17.000000000000107,49,0.55,-0.24249999999999997,0.9025,5.999999999999998,0.14633896396347826,force,track
mirror,17.050000000000107,49,0.55,-0.24249999999999997,0.9025,5.999999999999998,0.1480917817204088,force,track
mirror,17.100000000000108,49,0.55,-0.24249999999999997,0.9025,5.999999999999998,0.1493484522266812,force,track
mirror,17.15000000000011,49,0.55,-0.24249999999999997,0.9025,5.999999999999998,0.14995659843501544,force,track
mirror,17.20000000000011,49,0.55,-0.24249999999999997,0.9025,5.999999999999998,0.1498424798358046,force,track
mirror,17.25000000000011,49,0.55,-0.24249999999999997,0.9025,5.999999999999998,0.1490199338312163,force,track
mirror,17.30000000000011,49,0.55,-0.24249999999999997,0.9025,5.999999999999998,0.14758869788688342,force,track
mirror,17.35000000000011,49,0.55,-0.24249999999999997,0.9025,5.999999999999998,0.14572231590796636,force,track
mirror,17.400000000000112,49,0.55,-0.24249999999999997,0.9025,5.999999999999998,0.1436470952468097,force,track
mirror,17.450000000000113,49,0.55,-0.24249999999999997,0.9025,5.999999999999998,0.1416146659012714,force,track
mirror,17.500000000000114,49,0.55,-0.24249999999999997,0.9025,5.999999999999998,0.13987146922645022,force,track
mirror,17.550000000000114,49,0.55,-0.24249999999999997,0.9025,5.999999999999998,0.13862887579308192,force,track
mirror,17.600000000000115,49,0.55,-0.24249999999999997,0.9025,5.999999999999998,0.13803755573896404,force,track
mirror,17.650000000000116,49,0.55,-0.24249999999999997,0.9025,5.999999999999998,0.1381692093255368,force,track
mirror,17.700000000000117,49,0.55,-0.24249999999999997,0.9025,5.999999999999998,0.1390078729532046,force,track
mirror,17.750000000000117,50,0.55,-0.24249999999999997,0.8624999999999999,5.999999999999998,0.13814624396719105,force,track
mirror,17.800000000000118,50,0.55,-0.24249999999999997,0.8624999999999999,5.999999999999998,0.13895261420863342,force,track
mirror,17.85000000000012,50,0.55,-0.24249999999999997,0.8624999999999999,5.999999999999998,0.14037100306556227,force,track
mirror,17.90000000000012,50,0.55,-0.24249999999999997,0.8624999999999999,5.999999999999998,0.14222942440093142,force,track
mirror,17.95000000000012,50,0.55,-0.24249999999999997,0.8624999999999999,5.999999999999998,0.14430253612684085,force,track
mirror,18.00000000000012,50,0.55,-0.24249999999999997,0.8624999999999999,5.999999999999998,0.14633896396347826,force,track
mirror,18.05000000000012,51,0.55,-0.24249999999999997,0.8424999999999999,5.999999999999998,0.13895261420863342,force,track
mirror,18.100000000000122,51,0.55,-0.24249999999999997,0.8424999999999999,5.999999999999998,0.14037100306556227,force,track
mirror,18.150000000000123,51,0.55,-0.24249999999999997,0.8424999999999999,5.999999999999998,0.14222942440093142,force,track
mirror,18.200000000000124,52,0.55,-0.24249999999999997,0.8224999999999999,5.999999999999998,0.14037100306556227,force,track
mirror,18.250000000000124,52,0.55,-0.24249999999999997,0.8224999999999999,5.999999999999998,0.14222942440093142,force,track
mirror,18.300000000000125,52,0.55,-0.24249999999999997,0.8224999999999999,5.999999999999998,0.14430253612684085,force,track
mirror,18.350000000000126,53,0.55,-0.24249999999999997,0.7824999999999999,5.999999999999998,0.14222942440093142,force,track
mirror,18.400000000000126,53,0.55,-0.24249999999999997,0.7824999999999999,5.999999999999998,0.14430253612684085,force,track
mirror,18.450000000000127,53,0.55,-0.24249999999999997,0.7824999999999999,5.999999999999998,0.14633896396347826,force,track
mirror,18.500000000000128,53,0.55,-0.24249999999999997,0.7824999999999999,5.999999999999998,0.1480917817204088,force,track
mirror,18.55000000000013,53,0.55,-0.24249999999999997,0.7824999999999999,5.999999999999998,0.1493484522266812,force,track
mirror,18.60000000000013,53,0.55,-0.24249999999999997,0.7824999999999999,5.999999999999998,0.14995659843501544,force,track
mirror,18.65000000000013,54,0.55,-0.24249999999999997,0.7424999999999998,5.999999999999998,0.14430253612684085,force,track
mirror,18.70000000000013,54,0.55,-0.24249999999999997,0.7424999999999998,5.999999999999998,0.14633896396347826,force,track
mirror,18.75000000000013,54,0.55,-0.24249999999999997,0.7424999999999998,5.999999999999998,0.1480917817204088,force,track
mirror,18.800000000000132,54,0.55,-0.24249999999999997,0.7424999999999998,5.999999999999998,0.1493484522266812,force,track
mirror,18.850000000000133,54,0.55,-0.24249999999999997,0.7424999999999998,5.999999999999998,0.14995659843501544,force,track
mirror,18.900000000000134,54,0.55,-0.24249999999999997,0.7424999999999998,5.999999999999998,0.1498424798358046,force,track
mirror,18.950000000000134,55,0.55,-0.24249999999999997,0.7024999999999998,5.999999999999998,0.14633896396347826,force,track
mirror,19.000000000000135,55,0.55,-0.24249999999999997,0.7024999999999998,5.999999999999998,0.1480917817204088,force,track
mirror,19.050000000000136,55,0.55,-0.24249999999999997,0.7024999999999998,5.999999999999998,0.1493484522266812,force,track
mirror,19.100000000000136,55,0.55,-0.24249999999999997,0.7024999999999998,5.999999999999998,0.14995659843501544,force,track
mirror,19.150000000000137,55,0.55,-0.24249999999999997,0.7024999999999998,5.999999999999998,0.1498424798358046,force,track
mirror,19.200000000000138,55,0.55,-0.24249999999999997,0.7024999999999998,5.999999999999998,0.1490199338312163,force,track
mirror,19.25000000000014,56,0.55,-0.24249999999999997,0.6824999999999998,5.999999999999998,0.1480917817204088,force,track
mirror,19.30000000000014,56,0.55,-0.24249999999999997,0.6824999999999998,5.999999999999998,0.1493484522266812,force,track
mirror,19.35000000000014,56,0.55,-0.24249999999999997,0.6824999999999998,5.999999999999998,0.14995659843501544,force,track
mirror,19.40000000000014,57,0.55,-0.24249999999999997,0.6624999999999998,5.999999999999998,0.1493484522266812,force,track
mirror,19.45000000000014,57,0.55,-0.24249999999999997,0.6624999999999998,5.999999999999998,0.14995659843501544,force,track
mirror,19.500000000000142,57,0.55,-0.24249999999999997,0.6624999999999998,5.999999999999998,0.1498424798358046,force,track
mirror,19.550000000000143,58,0.55,-0.24249999999999997,0.6424999999999997,5.999999999999998,0.14995659843501544,force,track
mirror,19.600000000000144,58,0.55,-0.24249999999999997,0.6424999999999997,5.999999999999998,0.1498424798358046,force,track
mirror,19.650000000000144,58,0.55,-0.24249999999999997,0.6424999999999997,5.999999999999998,0.1490199338312163,force,track
mirror,19.700000000000145,59,0.55,-0.24249999999999997,0.6224999999999997,5.999999999999998,0.1498424798358046,force,track
mirror,19.750000000000146,59,0.55,-0.24249999999999997,0.6224999999999997,5.999999999999998,0.1490199338312163,force,track
mirror,19.800000000000146,59,0.55,-0.24249999999999997,0.6224999999999997,5.999999999999998,0.14758869788688342,force,track
mirror,19.850000000000147,60,0.55,-0.24249999999999997,0.6024999999999997,5.999999999999998,0.1490199338312163,force,track
mirror,19.900000000000148,60,0.55,-0.24249999999999997,0.6024999999999997,5.999999999999998,0.14758869788688342,force,track
mirror,19.95000000000015,60,0.55,-0.24249999999999997,0.6024999999999997,5.999999999999998,0.14572231590796636,force,track
mirror,20.00000000000015,61,0.55,-0.24249999999999997,0.5824999999999997,5.999999999999998,0.14758869788688342,force,track
mirror,20.05000000000015,61,0.55,-0.24249999999999997,0.5824999999999997,5.999999999999998,0.14572231590796636,force,track
mirror,20.10000000000015,61,0.55,-0.24249999999999997,0.5824999999999997,5.999999999999998,0.1436470952468097,force,track
mirror,20.15000000000015,62,0.55,-0.24249999999999997,0.5624999999999997,5.999999999999998,0.14572231590796636,force,track
mirror,20.200000000000152,62,0.55,-0.24249999999999997,0.5624999999999997,5.999999999999998,0.1436470952468097,force,track
mirror,20.250000000000153,62,0.55,-0.24249999999999997,0.5624999999999997,5.999999999999998,0.1416146659012714,force,track
mirror,20.300000000000153,63,0.55,-0.24249999999999997,0.5424999999999996,5.999999999999998,0.1436470952468097,force,track
mirror,20.350000000000154,63,0.55,-0.24249999999999997,0.5424999999999996,5.999999999999998,0.1416146659012714,force,track
mirror,20.400000000000155,63,0.55,-0.24249999999999997,0.5424999999999996,5.999999999999998,0.13987146922645022,force,track
mirror,20.450000000000156,64,0.55,-0.24249999999999997,0.5224999999999996,5.999999999999998,0.1416146659012714,force,track
mirror,20.500000000000156,64,0.55,-0.24249999999999997,0.5224999999999996,5.999999999999998,0.13987146922645022,force,track
mirror,20.550000000000157,64,0.55,-0.24249999999999997,0.5224999999999996,5.999999999999998,0.13862887579308192,force,track
mirror,20.600000000000158,65,0.55,-0.24249999999999997,0.5024999999999996,5.999999999999998,0.13987146922645022,force,track
mirror,20.65000000000016,65,0.55,-0.24249999999999997,0.5024999999999996,5.999999999999998,0.13862887579308192,force,track
mirror,20.70000000000016,65,0.55,-0.24249999999999997,0.5024999999999996,5.999999999999998,0.13803755573896404,force,track
mirror,20.75000000000016,66,0.55,-0.19999999999999996,0.49999999999999994,5.999999999999998,0.13862887579308192,force,track
mirror,20.80000000000016,66,0.55,-0.19999999999999996,0.49999999999999994,5.999999999999998,0.13803755573896404,force,track
mirror,20.85000000000016,66,0.55,-0.19999999999999996,0.49999999999999994,5.999999999999998,0.1381692093255368,force,track
mirror,20.900000000000162,66,0.55,-0.19999999999999996,0.49999999999999994,5.999999999999998,0.1390078729532046,force,track
mirror,20.950000000000163,66,0.55,-0.19999999999999996,0.49999999999999994,5.999999999999998,0.14045185482080924,force,track
mirror,21.000000000000163,66,0.55,-0.19999999999999996,0.49999999999999994,5.999999999999998,0.14232606552168986,force,track
mirror,21.050000000000164,67,0.55,-0.17999999999999997,0.49999999999999994,5.999999999999998,0.13803755573896404,force,track
mirror,21.100000000000165,67,0.55,-0.17999999999999997,0.49999999999999994,5.999999999999998,0.1381692093255368,force,track
mirror,21.150000000000166,67,0.55,-0.17999999999999997,0.49999999999999994,5.999999999999998,0.1390078729532046,force,track
mirror,21.200000000000166,68,0.55,-0.15999999999999998,0.49999999999999994,5.999999999999998,0.1381692093255368,force,track
mirror,21.250000000000167,68,0.55,-0.15999999999999998,0.49999999999999994,5.999999999999998,0.1390078729532046,force,track
mirror,21.300000000000168,68,0.55,-0.15999999999999998,0.49999999999999994,5.999999999999998,0.14045185482080924,force,track
mirror,21.35000000000017,69,0.55,-0.12,0.49999999999999994,5.999999999999998,0.1390078729532046,force,track
mirror,21.40000000000017,69,0.55,-0.12,0.49999999999999994,5.999999999999998,0.14045185482080924,force,track
mirror,21.45000000000017,69,0.55,-0.12,0.49999999999999994,5.999999999999998,0.14232606552168986,force,track
mirror,21.50000000000017,69,0.55,-0.12,0.49999999999999994,5.999999999999998,0.14440324843515284,force,track
mirror,21.55000000000017,69,0.55,-0.12,0.49999999999999994,5.999999999999998,0.1464315356312721,force,track
mirror,21.600000000000172,69,0.55,-0.12,0.49999999999999994,5.999999999999998,0.14816498800951344,force,track
mirror,21.650000000000173,70,0.55,-0.1,0.49999999999999994,5.999999999999998,0.14045185482080924,force,track
mirror,21.700000000000173,70,0.55,-0.1,0.49999999999999994,5.999999999999998,0.14232606552168986,force,track
mirror,21.750000000000174,70,0.55,-0.1,0.49999999999999994,5.999999999999998,0.14440324843515284,force,track
mirror,21.800000000000175,71,0.55,-0.08000000000000002,0.49999999999999994,5.999999999999998,0.14232606552168986,force,track
mirror,21.850000000000176,71,0.55,-0.08000000000000002,0.49999999999999994,5.999999999999998,0.14440324843515284,force,track
mirror,21.900000000000176,71,0.55,-0.08000000000000002,0.49999999999999994,5.999999999999998,0.1464315356312721,force,track
mirror,21.950000000000177,72,0.55,-0.060000000000000026,0.49999999999999994,5.999999999999998,0.14440324843515284,force,track
mirror,22.000000000000178,72,0.55,-0.060000000000000026,0.49999999999999994,5.999999999999998,0.1464315356312721,force,track
mirror,22.05000000000018,72,0.55,-0.060000000000000026,0.49999999999999994,5.999999999999998,0.14816498800951344,force,track
mirror,22.10000000000018,73,0.55,-0.040000000000000036,0.49999999999999994,5.999999999999998,0.1464315356312721,force,track
mirror,22.15000000000018,73,0.55,-0.040000000000000036,0.49999999999999994,5.999999999999998,0.14816498800951344,force,track
mirror,22.20000000000018,73,0.55,-0.040000000000000036,0.49999999999999994,5.999999999999998,0.1493934165396748,force,track
mirror,22.25000000000018,74,0.55,-0.020000000000000046,0.49999999999999994,5.999999999999998,0.14816498800951344,force,track
mirror,22.300000000000182,74,0.55,-0.020000000000000046,0.49999999999999994,5.999999999999998,0.1493934165396748,force,track
mirror,22.350000000000183,74,0.55,-0.020000000000000046,0.49999999999999994,5.999999999999998,0.149967868643267,force,track
mirror,22.400000000000183,75,0.55,-5.551115123125783e-17,0.49999999999999994,5.999999999999998,0.1493934165396748,force,track
mirror,22.450000000000184,75,0.55,-5.551115123125783e-17,0.49999999999999994,5.999999999999998,0.149967868643267,force,track
mirror,22.500000000000185,75,0.55,-5.551115123125783e-17,0.49999999999999994,5.999999999999998,0.1498186893750103,force,track
mirror,22.550000000000185,76,0.55,0.039999999999999925,0.49999999999999994,5.999999999999998,0.149967868643267,force,track
mirror,22.600000000000186,76,0.55,0.039999999999999925,0.49999999999999994,5.999999999999998,0.1498186893750103,force,track
mirror,22.650000000000187,76,0.55,0.039999999999999925,0.49999999999999994,5.999999999999998,0.1489639674035723,force,track
mirror,22.700000000000188,76,0.55,0.039999999999999925,0.49999999999999994,5.999999999999998,0.14750734167774898,force,track
mirror,22.75000000000019,76,0.55,0.039999999999999925,0.49999999999999994,5.999999999999998,0.1456254347298472,force,track
mirror,22.80000000000019,76,0.55,0.039999999999999925,0.49999999999999994,5.999999999999998,0.14354643638571685,force,track
mirror,22.85000000000019,77,0.55,0.05999999999999994,0.49999999999999994,5.999999999999998,0.1498186893750103,force,track
mirror,22.90000000000019,77,0.55,0.05999999999999994,0.49999999999999994,5.999999999999998,0.1489639674035723,force,track
mirror,22.95000000000019,77,0.55,0.05999999999999994,0.49999999999999994,5.999999999999998,0.14750734167774898,force,track
mirror,23.000000000000192,78,0.55,0.09999999999999987,0.49999999999999994,5.999999999999998,0.1489639674035723,force,track
mirror,23.050000000000193,78,0.55,0.09999999999999987,0.49999999999999994,5.999999999999998,0.14750734167774898,force,track
mirror,23.100000000000193,78,0.55,0.09999999999999987,0.49999999999999994,5.999999999999998,0.1456254347298472,force,track
mirror,23.150000000000194,78,0.55,0.09999999999999987,0.49999999999999994,5.999999999999998,0.14354643638571685,force,track
mirror,23.200000000000195,78,0.55,0.09999999999999987,0.49999999999999994,5.999999999999998,0.14152243470455675,force,track
mirror,23.250000000000195,78,0.55,0.09999999999999987,0.49999999999999994,5.999999999999998,0.13979884914860907,force,track
mirror,23.300000000000196,79,0.55,0.11999999999999988,0.49999999999999994,5.999999999999998,0.14750734167774898,force,track
mirror,23.350000000000197,79,0.55,0.11999999999999988,0.49999999999999994,5.999999999999998,0.1456254347298472,force,track
mirror,23.400000000000198,79,0.55,0.11999999999999988,0.49999999999999994,5.999999999999998,0.14354643638571685,force,track
mirror,23.4500000000002,80,0.55,0.1399999999999999,0.49999999999999994,5.999999999999998,0.1456254347298472,force,track
mirror,23.5000000000002,80,0.55,0.1399999999999999,0.49999999999999994,5.999999999999998,0.14354643638571685,force,track
mirror,23.5500000000002,80,0.55,0.1399999999999999,0.49999999999999994,5.999999999999998,0.14152243470455675,force,track
mirror,23.6000000000002,81,0.55,0.15999999999999986,0.49999999999999994,5.999999999999998,0.14354643638571685,force,track
mirror,23.6500000000002,81,0.55,0.15999999999999986,0.49999999999999994,5.999999999999998,0.14152243470455675,force,track
mirror,23.700000000000202,81,0.55,0.15999999999999986,0.49999999999999994,5.999999999999998,0.13979884914860907,force,track
mirror,23.750000000000203,82,0.55,0.17999999999999983,0.49999999999999994,5.999999999999998,0.14152243470455675,force,track
mirror,23.800000000000203,82,0.55,0.17999999999999983,0.49999999999999994,5.999999999999998,0.13979884914860907,force,track
mirror,23.850000000000204,82,0.55,0.17999999999999983,0.49999999999999994,5.999999999999998,0.13858467235073887,force,track
mirror,23.900000000000205,83,0.55,0.19999999999999996,0.7225000000000001,5.999999999999998,0.13979884914860907,force,track
mirror,23.950000000000205,83,0.55,0.19999999999999996,0.7225000000000001,5.999999999999998,0.13858467235073887,force,track
mirror,24.000000000000206,83,0.55,0.19999999999999996,0.7225000000000001,5.999999999999998,0.13802712880170326,force,track
mirror,24.050000000000207,83,0.55,0.19999999999999996,0.7225000000000001,5.999999999999998,0.13819382320719717,force,track
mirror,24.100000000000207,83,0.55,0.19999999999999996,0.7225000000000001,5.999999999999998,0.13906454310804334,force,track
mirror,24.150000000000208,83,0.55,0.19999999999999996,0.7225000000000001,5.999999999999998,0.14053370973332557,force,track
mirror,24.20000000000021,83,0.55,0.19999999999999996,0.7225000000000001,5.999999999999998,0.14242317990931186,force,track
mirror,24.25000000000021,83,0.55,0.19999999999999996,0.7225000000000001,5.999999999999998,0.14450384673415045,force,track
mirror,24.30000000000021,83,0.55,0.19999999999999996,0.7225000000000001,5.999999999999998,0.14652341983772457,force,track
mirror,24.35000000000021,83,0.55,0.19999999999999996,0.7225000000000001,5.999999999999998,0.14823701674308198,force,track
mirror,24.40000000000021,83,0.55,0.19999999999999996,0.7225000000000001,5.999999999999998,0.1494368559869328,force,track
mirror,24.450000000000212,83,0.55,0.19999999999999996,0.7225000000000001,5.999999999999998,0.14997745157252917,force,track
mirror,24.500000000000213,83,0.55,0.19999999999999996,0.7225000000000001,5.999999999999998,0.14979325381226832,force,track
mirror,24.550000000000214,83,0.55,0.19999999999999996,0.7225000000000001,5.999999999999998,0.14890659752715865,force,track
mirror,24.600000000000215,83,0.55,0.19999999999999996,0.7225000000000001,5.999999999999998,0.1474249938476062,force,track
mirror,24.650000000000215,83,0.55,0.19999999999999996,0.7225000000000001,5.999999999999998,0.1455280939970642,force,track
mirror,24.700000000000216,83,0.55,0.19999999999999996,0.7225000000000001,5.999999999999998,0.14344590575940977,force,track
mirror,24.750000000000217,83,0.55,0.19999999999999996,0.7225000000000001,5.999999999999998,0.14143090398302308,force,track
mirror,24.800000000000217,83,0.55,0.19999999999999996,0.7225000000000001,5.999999999999998,0.13972741685052426,force,track
mirror,24.850000000000218,83,0.55,0.19999999999999996,0.7225000000000001,5.999999999999998,0.13854199996899882,force,track
mirror,24.90000000000022,83,0.55,0.19999999999999996,0.7225000000000001,5.999999999999998,0.13801839055779047,force,track
mirror,24.95000000000022,83,0.55,0.19999999999999996,0.7225000000000001,5.999999999999998,0.13822007865315744,force,track
mirror,25.00000000000022,83,0.55,0.19999999999999996,0.7225000000000001,5.999999999999998,0.13912260865095358,force,track
mirror,25.05000000000022,83,0.55,0.19999999999999996,0.7225000000000001,5.999999999999998,0.14061654466049836,force,track
mirror,25.10000000000022,83,0.55,0.19999999999999996,0.7225000000000001,5.999999999999998,0.1425207401069153,force,track
mirror,25.150000000000222,83,0.55,0.19999999999999996,0.7225000000000001,5.999999999999998,0.144604302581955,force,track
mirror,25.200000000000223,83,0.55,0.19999999999999996,0.7225000000000001,5.999999999999998,0.1466145906046682,force,track
mirror,25.250000000000224,83,0.55,0.19999999999999996,0.7225000000000001,5.999999999999998,0.14830784755662985,force,track
mirror,25.300000000000225,83,0.55,0.19999999999999996,0.7225000000000001,5.999999999999998,0.14947875828694046,force,track
mirror,25.350000000000225,83,0.55,0.19999999999999996,0.7225000000000001,5.999999999999998,0.1499853445134468,force,track
mirror,25.400000000000226,84,0.55,0.19999999999999996,0.7425000000000002,5.999999999999998,0.13858467235073887,force,track
mirror,25.450000000000227,84,0.55,0.19999999999999996,0.7425000000000002,16.5,0.0,backoff,overforce_backoff_start
mirror,25.500000000000227,84,0.55,0.19999999999999996,0.7425000000000002,12.5,0.0,backoff,backoff
mirror,25.550000000000228,84,0.55,0.19999999999999996,0.7425000000000002,8.5,0.0,backoff,backoff
mirror,25.60000000000023,84,0.55,0.19999999999999996,0.7425000000000002,4.800000000000001,0.0,backoff,backoff
mirror,25.65000000000023,85,0.55,0.19999999999999996,0.7625000000000002,5.07,0.13802712880170326,force,track
mirror,25.70000000000023,85,0.55,0.19999999999999996,0.7625000000000002,5.27925,0.13819382320719717,force,track
mirror,25.75000000000023,85,0.55,0.19999999999999996,0.7625000000000002,5.44141875,0.13906454310804334,force,track
mirror,25.80000000000023,86,0.55,0.19999999999999996,0.7825000000000002,5.56709953125,0.13819382320719717,force,track
mirror,25.850000000000232,86,0.55,0.19999999999999996,0.7825000000000002,5.66450213671875,0.13906454310804334,force,track
mirror,25.900000000000233,86,0.55,0.19999999999999996,0.7825000000000002,5.739989155957031,0.14053370973332557,force,track
mirror,25.950000000000234,87,0.55,0.19999999999999996,0.8625000000000003,5.7984915958666985,0.13906454310804334,force,track
mirror,26.000000000000234,87,0.55,0.19999999999999996,0.8625000000000003,5.843830986796691,0.14053370973332557,force,track
mirror,26.050000000000235,87,0.55,0.19999999999999996,0.8625000000000003,5.878969014767436,0.14242317990931186,force,track
mirror,26.100000000000236,87,0.55,0.19999999999999996,0.8625000000000003,5.906200986444762,0.14450384673415045,force,track
mirror,26.150000000000237,87,0.55,0.19999999999999996,0.8625000000000003,5.927305764494691,0.14652341983772457,force,track
mirror,26.200000000000237,87,0.55,0.19999999999999996,0.8625000000000003,5.9436619674833855,0.14823701674308198,force,track
mirror,26.250000000000238,87,0.55,0.19999999999999996,0.8625000000000003,5.956338024799623,0.1494368559869328,force,track
mirror,26.30000000000024,87,0.55,0.19999999999999996,0.8625000000000003,5.9661619692197085,0.14997745157252917,force,track
mirror,26.35000000000024,87,0.55,0.19999999999999996,0.8625000000000003,5.973775526145274,0.14979325381226832,force,track
mirror,26.40000000000024,87,0.55,0.19999999999999996,0.8625000000000003,5.979676032762587,0.14890659752715865,force,track
mirror,26.45000000000024,87,0.55,0.19999999999999996,0.8625000000000003,5.984248925391005,0.1474249938476062,force,track
mirror,26.50000000000024,88,0.55,0.17999999999999997,0.9,5.987792917178028,0.14053370973332557,force,track
mirror,26.550000000000242,88,0.55,0.17999999999999997,0.9,5.990539510812972,0.14242317990931186,force,track
mirror,26.600000000000243,88,0.55,0.17999999999999997,0.9,5.992668120880054,0.14450384673415045,force,track
mirror,26.650000000000244,88,0.55,0.17999999999999997,0.9,5.9943177936820415,0.14652341983772457,force,track
mirror,26.700000000000244,88,0.55,0.17999999999999997,0.9,5.995596290103582,0.14823701674308198,force,track
mirror,26.750000000000245,88,0.55,0.17999999999999997,0.9,5.996587124830276,0.1494368559869328,force,track
mirror,26.800000000000246,89,0.55,0.060000000000000026,0.9,5.997355021743464,0.14242317990931186,force,track
mirror,26.850000000000247,89,0.55,0.060000000000000026,0.9,5.9979501418511845,0.14450384673415045,force,track
mirror,26.900000000000247,89,0.55,0.060000000000000026,0.9,5.998411359934668,0.14652341983772457,force,track
mirror,26.950000000000248,89,0.55,0.060000000000000026,0.9,5.998768803949368,0.14823701674308198,force,track
mirror,27.00000000000025,89,0.55,0.060000000000000026,0.9,5.99904582306076,0.1494368559869328,force,track
mirror,27.05000000000025,89,0.55,0.060000000000000026,0.9,5.999260512872088,0.14997745157252917,force,track
mirror,27.10000000000025,89,0.55,0.060000000000000026,0.9,5.999426897475868,0.14979325381226832,force,track
mirror,27.15000000000025,89,0.55,0.060000000000000026,0.9,5.999555845543798,0.14890659752715865,force,track
mirror,27.20000000000025,89,0.55,0.060000000000000026,0.9,5.999655780296443,0.1474249938476062,force,track
mirror,27.250000000000252,89,0.55,0.060000000000000026,0.9,5.999733229729744,0.1455280939970642,force,track
mirror,27.300000000000253,89,0.55,0.060000000000000026,0.9,5.9997932530405516,0.14344590575940977,force,track
mirror,27.350000000000254,89,0.55,0.060000000000000026,0.9,5.999839771106427,0.14143090398302308,force,track
mirror,27.400000000000254,89,0.55,0.060000000000000026,0.9,5.999875822607481,0.13972741685052426,force,track
mirror,27.450000000000255,89,0.55,0.060000000000000026,0.9,5.999903762520798,0.13854199996899882,force,track
mirror,27.500000000000256,89,0.55,0.060000000000000026,0.9,5.999925415953618,0.13801839055779047,force,track
mirror,27.550000000000257,89,0.55,0.060000000000000026,0.9,5.999942197364054,0.13822007865315744,force,track
mirror,27.600000000000257,90,0.55,0.040000000000000036,0.9,5.999955202957142,0.14450384673415045,force,track
mirror,27.650000000000258,90,0.55,0.040000000000000036,0.9,5.999965282291785,0.14652341983772457,force,track
mirror,27.70000000000026,90,0.55,0.040000000000000036,0.9,5.999973093776133,0.14823701674308198,force,track
mirror,27.75000000000026,91,0.55,5.551115123125783e-17,0.9,5.999979147676504,0.14652341983772457,force,track
mirror,27.80000000000026,91,0.55,5.551115123125783e-17,0.9,5.99998383944929,0.14823701674308198,force,track
mirror,27.85000000000026,91,0.55,5.551115123125783e-17,0.9,5.9999874755731994,0.1494368559869328,force,track
mirror,27.90000000000026,91,0.55,5.551115123125783e-17,0.9,5.99999029356923,0.14997745157252917,force,track
mirror,27.950000000000262,91,0.55,5.551115123125783e-17,0.9,5.9999924775161535,0.14979325381226832,force,track
mirror,28.000000000000263,91,0.55,5.551115123125783e-17,0.9,5.999994170075019,0.14890659752715865,force,track
mirror,28.050000000000264,92,0.55,-0.019999999999999934,0.9,5.999995481808139,0.14823701674308198,force,track
mirror,28.100000000000264,92,0.55,-0.019999999999999934,0.9,5.999996498401308,0.1494368559869328,force,track
mirror,28.150000000000265,92,0.55,-0.019999999999999934,0.9,5.999997286261014,0.14997745157252917,force,track
mirror,28.200000000000266,93,0.55,-0.039999999999999925,0.9,5.999997896852285,0.1494368559869328,force,track
mirror,28.250000000000266,93,0.55,-0.039999999999999925,0.9,5.9999983700605215,0.14997745157252917,force,track
mirror,28.300000000000267,93,0.55,-0.039999999999999925,0.9,5.999998736796904,0.14979325381226832,force,track
mirror,28.350000000000268,94,0.55,-0.059999999999999915,0.9,5.999999021017601,0.14997745157252917,force,track
mirror,28.40000000000027,94,0.55,-0.059999999999999915,0.9,5.9999992412886405,0.14979325381226832,force,track
mirror,28.45000000000027,94,0.55,-0.059999999999999915,0.9,5.999999411998696,0.14890659752715865,force,track
mirror,28.50000000000027,95,0.55,-0.11999999999999986,0.9,5.99999954429899,0.14979325381226832,force,track
mirror,28.55000000000027,95,0.55,-0.11999999999999986,0.9,5.999999646831717,0.14890659752715865,force,track
mirror,28.60000000000027,95,0.55,-0.11999999999999986,0.9,5.999999726294581,0.1474249938476062,force,track
mirror,28.650000000000272,95,0.55,-0.11999999999999986,0.9,5.9999997878783,0.1455280939970642,force,track
mirror,28.700000000000273,95,0.55,-0.11999999999999986,0.9,5.999999835605682,0.14344590575940977,force,track
mirror,28.750000000000274,95,0.55,-0.11999999999999986,0.9,5.999999872594404,0.14143090398302308,force,track
mirror,28.800000000000274,95,0.55,-0.11999999999999986,0.9,5.999999901260663,0.13972741685052426,force,track
mirror,28.850000000000275,95,0.55,-0.11999999999999986,0.9,5.999999923477014,0.13854199996899882,force,track
mirror,28.900000000000276,96,0.55,-0.1599999999999999,0.9,5.999999940694686,0.14890659752715865,force,track
mirror,28.950000000000276,96,0.55,-0.1599999999999999,0.9,5.9999999540383815,0.1474249938476062,force,track
mirror,29.000000000000277,96,0.55,-0.1599999999999999,0.9,5.999999964379746,0.1455280939970642,force,track
mirror,29.050000000000278,96,0.55,-0.1599999999999999,0.9,5.999999972394303,0.14344590575940977,force,track
mirror,29.10000000000028,96,0.55,-0.1599999999999999,0.9,5.999999978605585,0.14143090398302308,force,track
mirror,29.15000000000028,96,0.55,-0.1599999999999999,0.9,5.999999983419328,0.13972741685052426,force,track
mirror,29.20000000000028,97,0.55,-0.17999999999999985,0.9,5.999999987149979,0.1474249938476062,force,track
mirror,29.25000000000028,97,0.55,-0.17999999999999985,0.9,5.999999990041234,0.1455280939970642,force,track
mirror,29.30000000000028,97,0.55,-0.17999999999999985,0.9,5.999999992281956,0.14344590575940977,force,track
mirror,29.350000000000282,98,0.55,-0.19999999999999996,0.88,5.999999994018516,0.1455280939970642,force,track
mirror,29.400000000000283,98,0.55,-0.19999999999999996,0.88,5.99999999536435,0.14344590575940977,force,track
mirror,29.450000000000284,98,0.55,-0.19999999999999996,0.88,5.999999996407372,0.14143090398302308,force,track
mirror,29.500000000000284,98,0.55,-0.19999999999999996,0.88,5.999999997215713,0.13972741685052426,force,track
mirror,29.550000000000285,99,0.55,-0.19999999999999996,0.86,5.999999997842178,0.14344590575940977,force,track
mirror,29.600000000000286,99,0.55,-0.19999999999999996,0.86,5.999999998327688,0.14143090398302308,force,track
mirror,29.650000000000286,99,0.55,-0.19999999999999996,0.86,5.9999999987039585,0.13972741685052426,force,track
mirror,29.700000000000287,100,0.55,-0.19999999999999996,0.84,5.999999998995568,0.14143090398302308,force,track
mirror,29.750000000000288,100,0.55,-0.19999999999999996,0.84,5.999999999221565,0.13972741685052426,force,track
mirror,29.80000000000029,100,0.55,-0.19999999999999996,0.84,5.999999999396713,0.13854199996899882,force,track
mirror,29.85000000000029,101,0.55,-0.19999999999999996,0.82,5.999999999532452,0.13972741685052426,force,track
mirror,29.90000000000029,101,0.55,-0.19999999999999996,0.82,5.999999999637651,0.13854199996899882,force,track
mirror,29.95000000000029,101,0.55,-0.19999999999999996,0.82,5.999999999719179,0.13801839055779047,force,track
mirror,30.00000000000029,102,0.55,-0.19999999999999996,0.7999999999999999,5.999999999782364,0.13854199996899882,force,track
mirror,30.050000000000292,102,0.55,-0.19999999999999996,0.7999999999999999,5.999999999831332,0.13801839055779047,force,track
mirror,30.100000000000293,102,0.55,-0.19999999999999996,0.7999999999999999,5.999999999869282,0.13822007865315744,force,track
mirror,30.150000000000293,103,0.55,-0.19999999999999996,0.7799999999999999,5.9999999998986935,0.13801839055779047,force,track
mirror,30.200000000000294,103,0.55,-0.19999999999999996,0.7799999999999999,5.999999999921488,0.13822007865315744,force,track
mirror,30.250000000000295,103,0.55,-0.19999999999999996,0.7799999999999999,5.999999999939153,0.13912260865095358,force,track
mirror,30.300000000000296,104,0.55,-0.19999999999999996,0.7599999999999999,5.999999999952843,0.13822007865315744,force,track
mirror,30.350000000000296,104,0.55,-0.19999999999999996,0.7599999999999999,5.999999999963453,0.13912260865095358,force,track
mirror,30.400000000000297,104,0.55,-0.19999999999999996,0.7599999999999999,5.999999999971676,0.14061654466049836,force,track
mirror,30.450000000000298,105,0.55,-0.19999999999999996,0.7399999999999999,5.999999999978049,0.13912260865095358,force,track
mirror,30.5000000000003,105,0.55,-0.19999999999999996,0.7399999999999999,5.999999999982988,0.14061654466049836,force,track
mirror,30.5500000000003,105,0.55,-0.19999999999999996,0.7399999999999999,5.999999999986816,0.1425207401069153,force,track
mirror,30.6000000000003,106,0.55,-0.19999999999999996,0.7199999999999999,5.999999999989782,0.14061654466049836,force,track
mirror,30.6500000000003,106,0.55,-0.19999999999999996,0.7199999999999999,5.999999999992081,0.1425207401069153,force,track
mirror,30.7000000000003,106,0.55,-0.19999999999999996,0.7199999999999999,5.999999999993863,0.144604302581955,force,track
mirror,30.750000000000302,107,0.55,-0.19999999999999996,0.6999999999999998,5.999999999995244,0.1425207401069153,force,track
mirror,30.800000000000303,107,0.55,-0.19999999999999996,0.6999999999999998,5.999999999996314,0.144604302581955,force,track
mirror,30.850000000000303,107,0.55,-0.19999999999999996,0.6999999999999998,5.999999999997144,0.1466145906046682,force,track
mirror,30.900000000000304,108,0.55,-0.19999999999999996,0.6799999999999998,5.999999999997787,0.144604302581955,force,track
mirror,30.950000000000305,108,0.55,-0.19999999999999996,0.6799999999999998,5.999999999998285,0.1466145906046682,force,track
mirror,31.000000000000306,108,0.55,-0.19999999999999996,0.6799999999999998,5.99999999999867,0.14830784755662985,force,track
mirror,31.050000000000306,109,0.55,-0.19999999999999996,0.6599999999999998,5.99999999999897,0.1466145906046682,force,track
mirror,31.100000000000307,109,0.55,-0.19999999999999996,0.6599999999999998,5.9999999999992015,0.14830784755662985,force,track
mirror,31.150000000000308,109,0.55,-0.19999999999999996,0.6599999999999998,5.999999999999381,0.14947875828694046,force,track
mirror,31.20000000000031,110,0.55,-0.19999999999999996,0.6399999999999998,5.99999999999952,0.14830784755662985,force,track
mirror,31.25000000000031,110,0.55,-0.19999999999999996,0.6399999999999998,5.999999999999629,0.14947875828694046,force,track
mirror,31.30000000000031,110,0.55,-0.19999999999999996,0.6399999999999998,5.999999999999712,0.1499853445134468,force,track
mirror,31.35000000000031,111,0.55,-0.19999999999999996,0.6199999999999998,5.999999999999777,0.14947875828694046,force,track
mirror,31.40000000000031,111,0.55,-0.19999999999999996,0.6199999999999998,5.999999999999827,0.1499853445134468,force,track
mirror,31.450000000000312,111,0.55,-0.19999999999999996,0.6199999999999998,5.999999999999866,0.14976618033890496,force,track
mirror,31.500000000000313,112,0.55,-0.19999999999999996,0.5999999999999998,5.999999999999896,0.1499853445134468,force,track
mirror,31.550000000000313,112,0.55,-0.19999999999999996,0.5999999999999998,5.999999999999919,0.14976618033890496,force,track
mirror,31.600000000000314,112,0.55,-0.19999999999999996,0.5999999999999998,5.999999999999937,0.1488478404220019,force,track
mirror,31.650000000000315,113,0.55,-0.19999999999999996,0.5799999999999997,5.999999999999951,0.14976618033890496,force,track
mirror,31.700000000000315,113,0.55,-0.19999999999999996,0.5799999999999997,5.999999999999962,0.1488478404220019,force,track
mirror,31.750000000000316,113,0.55,-0.19999999999999996,0.5799999999999997,5.999999999999971,0.14734167767842926,force,track
mirror,31.800000000000317,114,0.55,-0.19999999999999996,0.5599999999999997,5.999999999999977,0.1488478404220019,force,track
mirror,31.850000000000318,114,0.55,-0.19999999999999996,0.5599999999999997,5.999999999999982,0.14734167767842926,force,track
mirror,31.90000000000032,114,0.55,-0.19999999999999996,0.5599999999999997,5.999999999999986,0.14543032123049338,force,track
mirror,31.95000000000032,115,0.55,-0.19999999999999996,0.5399999999999997,5.999999999999989,0.14734167767842926,force,track
mirror,32.00000000000032,115,0.55,-0.19999999999999996,0.5399999999999997,5.999999999999992,0.14543032123049338,force,track
mirror,32.05000000000032,115,0.55,-0.19999999999999996,0.5399999999999997,5.999999999999994,0.14334553179063425,force,track
mirror,32.100000000000314,116,0.55,-0.15749999999999995,0.5425,5.999999999999996,0.14543032123049338,force,track
mirror,32.15000000000031,116,0.55,-0.15749999999999995,0.5425,5.9999999999999964,0.14334553179063425,force,track
mirror,32.20000000000031,116,0.55,-0.15749999999999995,0.5425,5.999999999999997,0.14134009961489807,force,track
mirror,32.250000000000306,116,0.55,-0.15749999999999995,0.5425,5.999999999999998,0.13965719252805175,force,track
mirror,32.3000000000003,116,0.55,-0.15749999999999995,0.5425,5.999999999999998,0.1385008707125062,force,track
mirror,32.3500000000003,116,0.55,-0.15749999999999995,0.5425,5.999999999999998,0.13801134347776514,force,track
mirror,32.4000000000003,117,0.55,-0.13749999999999996,0.5425,5.999999999999998,0.14334553179063425,force,track
mirror,32.450000000000294,117,0.55,-0.13749999999999996,0.5425,5.999999999999998,0.14134009961489807,force,track
mirror,32.50000000000029,117,0.55,-0.13749999999999996,0.5425,5.999999999999998,0.13965719252805175,force,track
mirror,32.55000000000029,118,0.55,-0.11749999999999997,0.5425,5.999999999999998,0.14134009961489807,force,track
mirror,32.600000000000286,118,0.55,-0.11749999999999997,0.5425,5.999999999999998,0.13965719252805175,force,track
mirror,32.65000000000028,118,0.55,-0.11749999999999997,0.5425,5.999999999999998,0.1385008707125062,force,track
mirror,32.70000000000028,119,0.55,-0.09749999999999998,0.5425,5.999999999999998,0.13965719252805175,force,track
mirror,32.75000000000028,119,0.55,-0.09749999999999998,0.5425,5.999999999999998,0.1385008707125062,force,track
mirror,32.800000000000274,119,0.55,-0.09749999999999998,0.5425,5.999999999999998,0.13801134347776514,force,track
mirror,32.85000000000027,120,0.55,-0.07749999999999999,0.5425,5.999999999999998,0.1385008707125062,force,track
mirror,32.90000000000027,120,0.55,-0.07749999999999999,0.5425,5.999999999999998,0.13801134347776514,force,track
mirror,32.950000000000266,120,0.55,-0.07749999999999999,0.5425,5.999999999999998,0.138247968240288,force,track
mirror,33.00000000000026,121,0.55,-0.057499999999999996,0.5425,5.999999999999998,0.13801134347776514,force,track
mirror,33.05000000000026,121,0.55,-0.057499999999999996,0.5425,5.999999999999998,0.138247968240288,force,track
mirror,33.10000000000026,121,0.55,-0.057499999999999996,0.5425,5.999999999999998,0.139182053165225,force,track
mirror,33.150000000000254,122,0.55,-0.037500000000000006,0.5425,5.999999999999998,0.138247968240288,force,track
mirror,33.20000000000025,122,0.55,-0.037500000000000006,0.5425,5.999999999999998,0.139182053165225,force,track
mirror,33.25000000000025,122,0.55,-0.037500000000000006,0.5425,5.999999999999998,0.1407003361826379,force,track
mirror,33.300000000000246,123,0.55,-0.017500000000000016,0.5425,5.999999999999998,0.139182053165225,force,track
mirror,33.35000000000024,123,0.55,-0.017500000000000016,0.5425,5.999999999999998,0.1407003361826379,force,track
mirror,33.40000000000024,123,0.55,-0.017500000000000016,0.5425,5.999999999999998,0.14261871853157546,force,track
mirror,33.45000000000024,124,0.55,0.0024999999999999745,0.5425,5.999999999999998,0.1407003361826379,force,track
mirror,33.500000000000234,124,0.55,0.0024999999999999745,0.5425,5.999999999999998,0.14261871853157546,force,track
mirror,33.55000000000023,124,0.55,0.0024999999999999745,0.5425,5.999999999999998,0.14470458757696253,force,track
mirror,33.60000000000023,125,0.55,0.022499999999999964,0.5425,5.999999999999998,0.14261871853157546,force,track
mirror,33.650000000000226,125,0.55,0.022499999999999964,0.5425,5.999999999999998,0.14470458757696253,force,track
mirror,33.70000000000022,125,0.55,0.022499999999999964,0.5425,5.999999999999998,0.14670502215564427,force,track
mirror,33.75000000000022,126,0.55,0.062499999999999944,0.5425,5.999999999999998,0.14470458757696253,force,track
mirror,33.80000000000022,126,0.55,0.062499999999999944,0.5425,5.999999999999998,0.14670502215564427,force,track
mirror,33.850000000000215,126,0.55,0.062499999999999944,0.5425,5.999999999999998,0.14837746042435712,force,track
mirror,33.90000000000021,126,0.55,0.062499999999999944,0.5425,5.999999999999998,0.14951911159277648,force,track
mirror,33.95000000000021,126,0.55,0.062499999999999944,0.5425,5.999999999999998,0.1499915452344706,force,track
mirror,34.000000000000206,126,0.55,0.062499999999999944,0.5425,5.999999999999998,0.1497374766093284,force,track
mirror,34.0500000000002,127,0.55,0.08249999999999993,0.5425,5.999999999999998,0.14670502215564427,force,track
mirror,34.1000000000002,127,0.55,0.08249999999999993,0.5425,5.999999999999998,0.14837746042435712,force,track
mirror,34.1500000000002,127,0.55,0.08249999999999993,0.5425,5.999999999999998,0.14951911159277648,force,track
mirror,34.200000000000195,128,0.55,0.10249999999999995,0.5425,5.999999999999998,0.14837746042435712,force,track
mirror,34.25000000000019,128,0.55,0.10249999999999995,0.5425,5.999999999999998,0.14951911159277648,force,track
mirror,34.30000000000019,128,0.55,0.10249999999999995,0.5425,5.999999999999998,0.1499915452344706,force,track
mirror,34.350000000000186,129,0.55,0.14249999999999988,0.5425,5.999999999999998,0.14951911159277648,force,track
mirror,34.40000000000018,129,0.55,0.14249999999999988,0.5425,5.999999999999998,0.1499915452344706,force,track
mirror,34.45000000000018,129,0.55,0.14249999999999988,0.5425,5.999999999999998,0.1497374766093284,force,track
mirror,34.50000000000018,129,0.55,0.14249999999999988,0.5425,5.999999999999998,0.1487877127003358,force,track
mirror,34.550000000000175,129,0.55,0.14249999999999988,0.5425,5.999999999999998,0.14725741672596815,force,track
mirror,34.60000000000017,129,0.55,0.14249999999999988,0.5425,5.999999999999998,0.14533214407315848,force,track
mirror,34.65000000000017,130,0.55,0.1624999999999999,0.5425,5.999999999999998,0.1499915452344706,force,track
mirror,34.700000000000166,130,0.55,0.1624999999999999,0.5425,5.999999999999998,0.1497374766093284,force,track
mirror,34.75000000000016,130,0.55,0.1624999999999999,0.5425,5.999999999999998,0.1487877127003358,force,track
mirror,34.80000000000016,131,0.55,0.15749999999999995,0.585,5.999999999999998,0.1497374766093284,force,track
mirror,34.85000000000016,131,0.55,0.15749999999999995,0.585,5.999999999999998,0.1487877127003358,force,track
mirror,34.900000000000155,131,0.55,0.15749999999999995,0.585,5.999999999999998,0.14725741672596815,force,track
mirror,34.95000000000015,131,0.55,0.15749999999999995,0.585,5.999999999999998,0.14533214407315848,force,track
mirror,35.00000000000015,131,0.55,0.15749999999999995,0.585,5.999999999999998,0.1432453428578447,force,track
mirror,35.050000000000146,131,0.55,0.15749999999999995,0.585,5.999999999999998,0.14125004727304943,force,track
mirror,35.10000000000014,132,0.55,0.15749999999999995,0.645,5.999999999999998,0.1487877127003358,force,track
mirror,35.15000000000014,132,0.55,0.15749999999999995,0.645,5.999999999999998,0.14725741672596815,force,track
mirror,35.20000000000014,132,0.55,0.15749999999999995,0.645,5.999999999999998,0.14533214407315848,force,track
mirror,35.250000000000135,132,0.55,0.15749999999999995,0.645,5.999999999999998,0.1432453428578447,force,track
mirror,35.30000000000013,132,0.55,0.15749999999999995,0.645,5.999999999999998,0.14125004727304943,force,track
mirror,35.35000000000013,132,0.55,0.15749999999999995,0.645,5.999999999999998,0.13958819603552006,force,track
mirror,35.40000000000013,132,0.55,0.15749999999999995,0.645,5.999999999999998,0.13846129620962186,force,track
mirror,35.450000000000124,132,0.55,0.15749999999999995,0.645,5.999999999999998,0.1380059895540288,force,track
mirror,35.50000000000012,132,0.55,0.15749999999999995,0.645,5.999999999999998,0.13827748408344318,force,track
mirror,35.55000000000012,133,0.55,0.15749999999999995,0.665,5.999999999999998,0.14725741672596815,force,track
mirror,35.600000000000115,133,0.55,0.15749999999999995,0.665,5.999999999999998,0.14533214407315848,force,track
mirror,35.65000000000011,133,0.55,0.15749999999999995,0.665,5.999999999999998,0.1432453428578447,force,track
mirror,35.70000000000011,134,0.55,0.15749999999999995,0.7050000000000001,5.999999999999998,0.14533214407315848,force,track
mirror,35.75000000000011,134,0.55,0.15749999999999995,0.7050000000000001,5.999999999999998,0.1432453428578447,force,track
mirror,35.800000000000104,134,0.55,0.15749999999999995,0.7050000000000001,5.999999999999998,0.14125004727304943,force,track
mirror,35.8500000000001,134,0.55,0.15749999999999995,0.7050000000000001,5.999999999999998,0.13958819603552006,force,track
mirror,35.9000000000001,134,0.55,0.15749999999999995,0.7050000000000001,5.999999999999998,0.13846129620962186,force,track
mirror,35.950000000000095,134,0.55,0.15749999999999995,0.7050000000000001,5.999999999999998,0.1380059895540288,force,track
mirror,36.00000000000009,135,0.55,0.15749999999999995,0.7250000000000001,5.999999999999998,0.1432453428578447,force,track
mirror,36.05000000000009,135,0.55,0.15749999999999995,0.7250000000000001,5.999999999999998,0.14125004727304943,force,track
mirror,36.10000000000009,135,0.55,0.15749999999999995,0.7250000000000001,5.999999999999998,0.13958819603552006,force,track
mirror,36.150000000000084,136,0.55,0.15749999999999995,0.7450000000000001,5.999999999999998,0.14125004727304943,force,track
mirror,36.20000000000008,136,0.55,0.15749999999999995,0.7450000000000001,5.999999999999998,0.13958819603552006,force,track
mirror,36.25000000000008,136,0.55,0.15749999999999995,0.7450000000000001,5.999999999999998,0.13846129620962186,force,track
mirror,36.300000000000075,137,0.55,0.15749999999999995,0.7650000000000001,5.999999999999998,0.13958819603552006,force,track
mirror,36.35000000000007,137,0.55,0.15749999999999995,0.7650000000000001,5.999999999999998,0.13846129620962186,force,track
mirror,36.40000000000007,137,0.55,0.15749999999999995,0.7650000000000001,5.999999999999998,0.1380059895540288,force,track
mirror,36.45000000000007,138,0.55,0.15749999999999995,0.7850000000000001,5.999999999999998,0.13846129620962186,force,track
mirror,36.500000000000064,138,0.55,0.15749999999999995,0.7850000000000001,5.999999999999998,0.1380059895540288,force,track
mirror,36.55000000000006,138,0.55,0.15749999999999995,0.7850000000000001,5.999999999999998,0.13827748408344318,force,track
mirror,36.60000000000006,139,0.55,0.15749999999999995,0.8250000000000002,5.999999999999998,0.1380059895540288,force,track
mirror,36.650000000000055,139,0.55,0.15749999999999995,0.8250000000000002,5.999999999999998,0.13827748408344318,force,track
mirror,36.70000000000005,139,0.55,0.15749999999999995,0.8250000000000002,5.999999999999998,0.13924285984427456,force,track
mirror,36.75000000000005,139,0.55,0.15749999999999995,0.8250000000000002,5.999999999999998,0.14078506060959886,force,track
mirror,36.80000000000005,139,0.55,0.15749999999999995,0.8250000000000002,5.999999999999998,0.14271708748212342,force,track
mirror,36.850000000000044,139,0.55,0.15749999999999995,0.8250000000000002,5.999999999999998,0.14480467336587394,force,track
mirror,36.90000000000004,140,0.55,0.15749999999999995,0.8450000000000002,5.999999999999998,0.13827748408344318,force,track
mirror,36.95000000000004,140,0.55,0.15749999999999995,0.8450000000000002,5.999999999999998,0.13924285984427456,force,track
mirror,37.000000000000036,140,0.55,0.15749999999999995,0.8450000000000002,5.999999999999998,0.14078506060959886,force,track
mirror,37.05000000000003,141,0.55,0.13749999999999996,0.8575,5.999999999999998,0.13924285984427456,force,track
mirror,37.10000000000003,141,0.55,0.13749999999999996,0.8575,5.999999999999998,0.14078506060959886,force,track
mirror,37.15000000000003,141,0.55,0.13749999999999996,0.8575,5.999999999999998,0.14271708748212342,force,track
mirror,37.200000000000024,141,0.55,0.13749999999999996,0.8575,5.999999999999998,0.14480467336587394,force,track
mirror,37.25000000000002,142,0.55,0.11749999999999995,0.8575,5.999999999999998,0.14078506060959886,force,track
mirror,37.30000000000002,142,0.55,0.11749999999999995,0.8575,5.999999999999998,0.14271708748212342,force,track
mirror,37.350000000000016,142,0.55,0.11749999999999995,0.8575,5.999999999999998,0.14480467336587394,force,track
mirror,37.40000000000001,143,0.55,0.09749999999999995,0.8575,5.999999999999998,0.14271708748212342,force,track
mirror,37.45000000000001,143,0.55,0.09749999999999995,0.8575,5.999999999999998,0.14480467336587394,force,track
mirror,37.50000000000001,143,0.55,0.09749999999999995,0.8575,5.999999999999998,0.14679468892319064,force,track
mirror,37.550000000000004,144,0.55,0.07749999999999994,0.8575,5.999999999999998,0.14480467336587394,force,track
mirror,37.6,144,0.55,0.07749999999999994,0.8575,5.999999999999998,0.14679468892319064,force,track
mirror,37.65,144,0.55,0.07749999999999994,0.8575,5.999999999999998,0.1484458356648103,force,track
mirror,37.699999999999996,145,0.55,0.05749999999999994,0.8575,5.999999999999998,0.14679468892319064,force,track
mirror,37.74999999999999,145,0.55,0.05749999999999994,0.8575,5.999999999999998,0.1484458356648103,force,track
mirror,37.79999999999999,145,0.55,0.05749999999999994,0.8575,5.999999999999998,0.1495579044954623,force,track
mirror,37.84999999999999,146,0.55,0.037499999999999936,0.8575,5.999999999999998,0.1484458356648103,force,track
mirror,37.899999999999984,146,0.55,0.037499999999999936,0.8575,5.999999999999998,0.1495579044954623,force,track
mirror,37.94999999999998,146,0.55,0.037499999999999936,0.8575,5.999999999999998,0.14999605198248786,force,track
mirror,37.99999999999998,147,0.55,0.017499999999999932,0.8575,5.999999999999998,0.1495579044954623,force,track
mirror,38.049999999999976,147,0.55,0.017499999999999932,0.8575,5.999999999999998,0.14999605198248786,force,track
mirror,38.09999999999997,147,0.55,0.017499999999999932,0.8575,5.999999999999998,0.14970715073886473,force,track
mirror,38.14999999999997,148,0.55,-0.022500000000000075,0.8575,5.999999999999998,0.14999605198248786,force,track
mirror,38.19999999999997,148,0.55,-0.022500000000000075,0.8575,5.999999999999998,0.14970715073886473,force,track
mirror,38.249999999999964,148,0.55,-0.022500000000000075,0.8575,5.999999999999998,0.1487262313619047,force,track
mirror,38.29999999999996,148,0.55,-0.022500000000000075,0.8575,5.999999999999998,0.14717223481308886,force,track
mirror,38.34999999999996,148,0.55,-0.022500000000000075,0.8575,5.999999999999998,0.14523359028241564,force,track
mirror,38.399999999999956,148,0.55,-0.022500000000000075,0.8575,5.999999999999998,0.14314536728718102,force,track
mirror,38.44999999999995,149,0.55,-0.04250000000000009,0.8575,5.999999999999998,0.14970715073886473,force,track
mirror,38.49999999999995,149,0.55,-0.04250000000000009,0.8575,5.999999999999998,0.1487262313619047,force,track
mirror,38.54999999999995,149,0.55,-0.04250000000000009,0.8575,5.999999999999998,0.14717223481308886,force,track
mirror,38.599999999999945,150,0.55,-0.06250000000000008,0.8575,5.999999999999998,0.1487262313619047,force,track
mirror,38.64999999999994,150,0.55,-0.06250000000000008,0.8575,5.999999999999998,0.14717223481308886,force,track
mirror,38.69999999999994,150,0.55,-0.06250000000000008,0.8575,5.999999999999998,0.14523359028241564,force,track
mirror,38.749999999999936,151,0.55,-0.08250000000000007,0.8575,5.999999999999998,0.14717223481308886,force,track
mirror,38.79999999999993,151,0.55,-0.08250000000000007,0.8575,5.999999999999998,0.14523359028241564,force,track
mirror,38.84999999999993,151,0.55,-0.08250000000000007,0.8575,5.999999999999998,0.14314536728718102,force,track
mirror,38.89999999999993,152,0.55,-0.10250000000000009,0.8575,5.999999999999998,0.14523359028241564,force,track
mirror,38.949999999999925,152,0.55,-0.10250000000000009,0.8575,5.999999999999998,0.14314536728718102,force,track
mirror,38.99999999999992,152,0.55,-0.10250000000000009,0.8575,5.999999999999998,0.1411607724177266,force,track
mirror,39.04999999999992,153,0.55,-0.12250000000000011,0.8575,5.999999999999998,0.14314536728718102,force,track
mirror,39.099999999999916,153,0.55,-0.12250000000000011,0.8575,5.999999999999998,0.1411607724177266,force,track
mirror,39.14999999999991,153,0.55,-0.12250000000000011,0.8575,5.999999999999998,0.13952044688011644,force,track
mirror,39.19999999999991,154,0.55,-0.1625000000000001,0.8575,5.999999999999998,0.1411607724177266,force,track
mirror,39.24999999999991,154,0.55,-0.1625000000000001,0.8575,5.999999999999998,0.13952044688011644,force,track
mirror,39.299999999999905,154,0.55,-0.1625000000000001,0.8575,5.999999999999998,0.1384232876491355,force,track
mirror,39.3499999999999,154,0.55,-0.1625000000000001,0.8575,5.999999999999998,0.13800233030028142,force,track
mirror,39.3999999999999,154,0.55,-0.1625000000000001,0.8575,5.999999999999998,0.13830861783769013,force,track
mirror,39.449999999999896,154,0.55,-0.1625000000000001,0.8575,5.999999999999998,0.1393050114963982,force,track
mirror,39.49999999999989,155,0.55,-0.15749999999999995,0.8375,5.999999999999998,0.13952044688011644,force,track
mirror,39.54999999999989,155,0.55,-0.15749999999999995,0.8375,5.999999999999998,0.1384232876491355,force,track
mirror,39.59999999999989,155,0.55,-0.15749999999999995,0.8375,5.999999999999998,0.13800233030028142,force,track
mirror,39.649999999999885,156,0.55,-0.15749999999999995,0.8175,5.999999999999998,0.1384232876491355,force,track
mirror,39.69999999999988,156,0.55,-0.15749999999999995,0.8175,5.999999999999998,0.13800233030028142,force,track
mirror,39.74999999999988,156,0.55,-0.15749999999999995,0.8175,5.999999999999998,0.13830861783769013,force,track
mirror,39.799999999999876,157,0.55,-0.15749999999999995,0.7775,5.999999999999998,0.13800233030028142,force,track
mirror,39.84999999999987,157,0.55,-0.15749999999999995,0.7775,5.999999999999998,0.13830861783769013,force,track
mirror,39.89999999999987,157,0.55,-0.15749999999999995,0.7775,5.999999999999998,0.1393050114963982,force,track
mirror,39.94999999999987,157,0.55,-0.15749999999999995,0.7775,5.999999999999998,0.1408706939874785,force,track
mirror,39.999999999999865,157,0.55,-0.15749999999999995,0.7775,5.999999999999998,0.1428158191469779,force,track
mirror,40.04999999999986,157,0.55,-0.15749999999999995,0.7775,5.999999999999998,0.14490453165171097,force,track
mirror,40.09999999999986,158,0.55,-0.15749999999999995,0.7575,5.999999999999998,0.13830861783769013,force,track
mirror,40.14999999999986,158,0.55,-0.15749999999999995,0.7575,5.999999999999998,0.1393050114963982,force,track
mirror,40.199999999999854,158,0.55,-0.15749999999999995,0.7575,5.999999999999998,0.1408706939874785,force,track
mirror,40.24999999999985,159,0.55,-0.15749999999999995,0.7374999999999999,5.999999999999998,0.1393050114963982,force,track
mirror,40.29999999999985,159,0.55,-0.15749999999999995,0.7374999999999999,5.999999999999998,0.1408706939874785,force,track
mirror,40.349999999999845,159,0.55,-0.15749999999999995,0.7374999999999999,5.999999999999998,0.1428158191469779,force,track
mirror,40.39999999999984,160,0.55,-0.15749999999999995,0.7174999999999999,5.999999999999998,0.1408706939874785,force,track
mirror,40.44999999999984,160,0.55,-0.15749999999999995,0.7174999999999999,5.999999999999998,0.1428158191469779,force,track
mirror,40.49999999999984,160,0.55,-0.15749999999999995,0.7174999999999999,5.999999999999998,0.14490453165171097,force,track
mirror,40.549999999999834,161,0.55,-0.15749999999999995,0.6974999999999999,5.999999999999998,0.1428158191469779,force,track
mirror,40.59999999999983,161,0.55,-0.15749999999999995,0.6974999999999999,5.999999999999998,0.14490453165171097,force,track
mirror,40.64999999999983,161,0.55,-0.15749999999999995,0.6974999999999999,5.999999999999998,0.14688356555607016,force,track
mirror,40.699999999999825,162,0.55,-0.15749999999999995,0.6774999999999999,5.999999999999998,0.14490453165171097,force,track
mirror,40.74999999999982,162,0.55,-0.15749999999999995,0.6774999999999999,5.999999999999998,0.14688356555607016,force,track
mirror,40.79999999999982,162,0.55,-0.15749999999999995,0.6774999999999999,5.999999999999998,0.14851295394644684,force,track
mirror,40.84999999999982,163,0.55,-0.15749999999999995,0.6374999999999998,5.999999999999998,0.14688356555607016,force,track
mirror,40.899999999999814,163,0.55,-0.15749999999999995,0.6374999999999998,5.999999999999998,0.14851295394644684,force,track
mirror,40.94999999999981,163,0.55,-0.15749999999999995,0.6374999999999998,5.999999999999998,0.1495951260271879,force,track
mirror,40.99999999999981,163,0.55,-0.15749999999999995,0.6374999999999998,5.999999999999998,0.14999886348331815,force,track
mirror,41.049999999999805,163,0.55,-0.15749999999999995,0.6374999999999998,5.999999999999998,0.14967521130146338,force,track
mirror,41.0999999999998,163,0.55,-0.15749999999999995,0.6374999999999998,5.999999999999998,0.14866341378915734,force,track
mirror,41.1499999999998,164,0.55,-0.15749999999999995,0.6174999999999998,5.999999999999998,0.14851295394644684,force,track
mirror,41.1999999999998,164,0.55,-0.15749999999999995,0.6174999999999998,5.999999999999998,0.1495951260271879,force,track
mirror,41.249999999999794,164,0.55,-0.15749999999999995,0.6174999999999998,5.999999999999998,0.14999886348331815,force,track
mirror,41.29999999999979,165,0.55,-0.15749999999999995,0.5974999999999998,5.999999999999998,0.1495951260271879,force,track
mirror,41.34999999999979,165,0.55,-0.15749999999999995,0.5974999999999998,5.999999999999998,0.14999886348331815,force,track
mirror,41.399999999999785,165,0.55,-0.15749999999999995,0.5974999999999998,5.999999999999998,0.14967521130146338,force,track
mirror,41.44999999999978,166,0.55,-0.15749999999999995,0.5774999999999998,5.999999999999998,0.14999886348331815,force,track
mirror,41.49999999999978,166,0.55,-0.15749999999999995,0.5774999999999998,5.999999999999998,0.14967521130146338,force,track
mirror,41.54999999999978,166,0.55,-0.15749999999999995,0.5774999999999998,5.999999999999998,0.14866341378915734,force,track
mirror,41.599999999999774,167,0.55,-0.11499999999999994,0.585,5.999999999999998,0.14967521130146338,force,track
mirror,41.64999999999977,167,0.55,-0.11499999999999994,0.585,5.999999999999998,0.14866341378915734,force,track
mirror,41.69999999999977,167,0.55,-0.11499999999999994,0.585,5.999999999999998,0.14708615602303785,force,track
mirror,41.749999999999766,167,0.55,-0.11499999999999994,0.585,5.999999999999998,0.1451346877221054,force,track
mirror,41.79999999999976,167,0.55,-0.11499999999999994,0.585,5.999999999999998,0.14304563334445958,force,track
mirror,41.84999999999976,167,0.55,-0.11499999999999994,0.585,5.999999999999998,0.1410723002893625,force,track
mirror,41.89999999999976,168,0.55,-0.09499999999999993,0.585,5.999999999999998,0.14866341378915734,force,track
mirror,41.949999999999754,168,0.55,-0.09499999999999993,0.585,5.999999999999998,0.14708615602303785,force,track
mirror,41.99999999999975,168,0.55,-0.09499999999999993,0.585,5.999999999999998,0.1451346877221054,force,track
mirror,42.04999999999975,169,0.55,-0.07499999999999993,0.585,5.999999999999998,0.14708615602303785,force,track
mirror,42.099999999999746,169,0.55,-0.07499999999999993,0.585,5.999999999999998,0.1451346877221054,force,track
mirror,42.14999999999974,169,0.55,-0.07499999999999993,0.585,5.999999999999998,0.14304563334445958,force,track
mirror,42.19999999999974,170,0.55,-0.054999999999999924,0.585,5.999999999999998,0.1451346877221054,force,track
mirror,42.24999999999974,170,0.55,-0.054999999999999924,0.585,5.999999999999998,0.14304563334445958,force,track
mirror,42.299999999999734,170,0.55,-0.054999999999999924,0.585,5.999999999999998,0.1410723002893625,force,track
mirror,42.34999999999973,171,0.55,-0.03499999999999992,0.585,5.999999999999998,0.14304563334445958,force,track
mirror,42.39999999999973,171,0.55,-0.03499999999999992,0.585,5.999999999999998,0.1410723002893625,force,track
mirror,42.449999999999726,171,0.55,-0.03499999999999992,0.585,5.999999999999998,0.1394539642163723,force,track
mirror,42.49999999999972,172,0.55,-0.014999999999999916,0.585,5.999999999999998,0.1410723002893625,force,track
mirror,42.54999999999972,172,0.55,-0.014999999999999916,0.585,5.999999999999998,0.1394539642163723,force,track
mirror,42.59999999999972,172,0.55,-0.014999999999999916,0.585,5.999999999999998,0.1383868557771023,force,track
mirror,42.649999999999714,173,0.55,0.005000000000000088,0.585,5.999999999999998,0.1394539642163723,force,track
mirror,42.69999999999971,173,0.55,0.005000000000000088,0.585,5.999999999999998,0.1383868557771023,force,track
mirror,42.74999999999971,173,0.55,0.005000000000000088,0.585,5.999999999999998,0.1380003667510937,force,track
mirror,42.799999999999706,174,0.55,0.025000000000000078,0.585,5.999999999999998,0.1383868557771023,force,track
mirror,42.8499999999997,174,0.55,0.025000000000000078,0.585,5.999999999999998,0.1380003667510937,force,track
mirror,42.8999999999997,174,0.55,0.025000000000000078,0.585,5.999999999999998,0.1383413607006688,force,track
mirror,42.9499999999997,175,0.55,0.045000000000000095,0.585,5.999999999999998,0.1380003667510937,force,track
mirror,42.999999999999694,175,0.55,0.045000000000000095,0.585,5.999999999999998,0.1383413607006688,force,track
mirror,43.04999999999969,175,0.55,0.045000000000000095,0.585,5.999999999999998,0.1393684905496312,force,track
mirror,43.09999999999969,176,0.55,0.06500000000000011,0.585,5.999999999999998,0.1383413607006688,force,track
mirror,43.149999999999686,176,0.55,0.06500000000000011,0.585,5.999999999999998,0.1393684905496312,force,track
mirror,43.19999999999968,176,0.55,0.06500000000000011,0.585,5.999999999999998,0.14095721210538878,force,track
mirror,43.24999999999968,177,0.55,0.0850000000000001,0.585,5.999999999999998,0.1393684905496312,force,track
mirror,43.29999999999968,177,0.55,0.0850000000000001,0.585,5.999999999999998,0.14095721210538878,force,track
mirror,43.349999999999675,177,0.55,0.0850000000000001,0.585,5.999999999999998,0.1429148856120086,force,track
mirror,43.39999999999967,178,0.55,0.1050000000000001,0.585,5.999999999999998,0.14095721210538878,force,track
mirror,43.44999999999967,178,0.55,0.1050000000000001,0.585,5.999999999999998,0.1429148856120086,force,track
mirror,43.499999999999666,178,0.55,0.1050000000000001,0.585,5.999999999999998,0.1450041342018168,force,track
mirror,43.54999999999966,179,0.55,0.11499999999999994,0.6275,5.999999999999998,0.1429148856120086,force,track
mirror,43.59999999999966,179,0.55,0.11499999999999994,0.6275,5.999999999999998,0.1450041342018168,force,track
mirror,43.64999999999966,179,0.55,0.11499999999999994,0.6275,5.999999999999998,0.14697162692643836,force,track
mirror,43.699999999999655,179,0.55,0.11499999999999994,0.6275,5.999999999999998,0.14857879629310067,force,track
mirror,43.74999999999965,179,0.55,0.11499999999999994,0.6275,5.999999999999998,0.1496307656644126,force,track
mirror,43.79999999999965,179,0.55,0.11499999999999994,0.6275,5.999999999999998,0.14999997894207362,force,track
mirror,43.849999999999646,180,0.55,0.11499999999999994,0.6475,5.999999999999998,0.1450041342018168,force,track
mirror,43.89999999999964,180,0.55,0.11499999999999994,0.6475,5.999999999999998,0.14697162692643836,force,track
mirror,43.94999999999964,180,0.55,0.11499999999999994,0.6475,5.999999999999998,0.14857879629310067,force,track
mirror,43.99999999999964,181,0.55,0.11499999999999994,0.6675,5.999999999999998,0.14697162692643836,force,track
mirror,44.049999999999635,181,0.55,0.11499999999999994,0.6675,5.999999999999998,0.14857879629310067,force,track
mirror,44.09999999999963,181,0.55,0.11499999999999994,0.6675,5.999999999999998,0.1496307656644126,force,track
mirror,44.14999999999963,182,0.55,0.11499999999999994,0.6875,5.999999999999998,0.14857879629310067,force,track
mirror,44.199999999999626,182,0.55,0.11499999999999994,0.6875,5.999999999999998,0.1496307656644126,force,track
mirror,44.24999999999962,182,0.55,0.11499999999999994,0.6875,5.999999999999998,0.14999997894207362,force,track
mirror,44.29999999999962,183,0.55,0.11499999999999994,0.7075,5.999999999999998,0.1496307656644126,force,track
mirror,44.34999999999962,183,0.55,0.11499999999999994,0.7075,5.999999999999998,0.14999997894207362,force,track
mirror,44.399999999999615,183,0.55,0.11499999999999994,0.7075,5.999999999999998,0.14964166732727308,force,track
mirror,44.44999999999961,184,0.55,0.11499999999999994,0.7275,5.999999999999998,0.14999997894207362,force,track
mirror,44.49999999999961,184,0.55,0.11499999999999994,0.7275,5.999999999999998,0.14964166732727308,force,track
mirror,44.549999999999606,184,0.55,0.11499999999999994,0.7275,5.999999999999998,0.14859927774233225,force,track
mirror,44.5999999999996,185,0.55,0.11499999999999994,0.7475,5.999999999999998,0.14964166732727308,force,track
mirror,44.6499999999996,185,0.55,0.11499999999999994,0.7475,5.999999999999998,0.14859927774233225,force,track
mirror,44.6999999999996,185,0.55,0.11499999999999994,0.7475,5.999999999999998,0.1469992046926333,force,track
mirror,44.749999999999595,186,0.55,0.11499999999999994,0.7875000000000001,5.999999999999998,0.14859927774233225,force,track
mirror,44.79999999999959,186,0.55,0.11499999999999994,0.7875000000000001,5.999999999999998,0.1469992046926333,force,track
mirror,44.84999999999959,186,0.55,0.11499999999999994,0.7875000000000001,5.999999999999998,0.1450354643546749,force,track
mirror,44.89999999999959,186,0.55,0.11499999999999994,0.7875000000000001,5.999999999999998,0.14294616922718212,force,track
mirror,44.949999999999584,186,0.55,0.11499999999999994,0.7875000000000001,5.999999999999998,0.14098465590143705,force,track
mirror,44.99999999999958,186,0.55,0.11499999999999994,0.7875000000000001,5.999999999999998,0.13938876684074716,force,track
mirror,45.04999999999958,187,0.55,0.11499999999999994,0.8075000000000001,5.999999999999998,0.1469992046926333,force,track
mirror,45.099999999999575,187,0.55,0.11499999999999994,0.8075000000000001,5.999999999999998,0.1450354643546749,force,track
mirror,45.14999999999957,187,0.55,0.11499999999999994,0.8075000000000001,5.999999999999998,0.14294616922718212,force,track
mirror,45.19999999999957,188,0.55,0.09499999999999993,0.8150000000000001,5.999999999999998,0.1450354643546749,force,track
mirror,45.24999999999957,188,0.55,0.09499999999999993,0.8150000000000001,5.999999999999998,0.14294616922718212,force,track
mirror,45.299999999999564,188,0.55,0.09499999999999993,0.8150000000000001,5.999999999999998,0.14098465590143705,force,track
mirror,45.34999999999956,189,0.55,0.07499999999999993,0.8150000000000001,5.999999999999998,0.14294616922718212,force,track
mirror,45.39999999999956,189,0.55,0.07499999999999993,0.8150000000000001,5.999999999999998,0.14098465590143705,force,track
mirror,45.449999999999555,189,0.55,0.07499999999999993,0.8150000000000001,5.999999999999998,0.13938876684074716,force,track
mirror,45.49999999999955,190,0.55,0.054999999999999924,0.8150000000000001,5.999999999999998,0.14098465590143705,force,track
mirror,45.54999999999955,190,0.55,0.054999999999999924,0.8150000000000001,5.999999999999998,0.13938876684074716,force,track
mirror,45.59999999999955,190,0.55,0.054999999999999924,0.8150000000000001,5.999999999999998,0.13835201089380464,force,track
mirror,45.649999999999544,191,0.55,0.03499999999999992,0.8150000000000001,5.999999999999998,0.13938876684074716,force,track
mirror,45.69999999999954,191,0.55,0.03499999999999992,0.8150000000000001,5.999999999999998,0.13835201089380464,force,track
mirror,45.74999999999954,191,0.55,0.03499999999999992,0.8150000000000001,5.999999999999998,0.13800009946161446,force,track
mirror,45.799999999999535,192,0.55,0.014999999999999916,0.8150000000000001,5.999999999999998,0.13835201089380464,force,track
mirror,45.84999999999953,192,0.55,0.014999999999999916,0.8150000000000001,5.999999999999998,0.13800009946161446,force,track
mirror,45.89999999999953,192,0.55,0.014999999999999916,0.8150000000000001,5.999999999999998,0.13837570341508001,force,track
mirror,45.94999999999953,193,0.55,-0.02500000000000009,0.8150000000000001,5.999999999999998,0.13800009946161446,force,track
mirror,45.999999999999524,193,0.55,-0.02500000000000009,0.8150000000000001,5.999999999999998,0.13837570341508001,force,track
mirror,46.04999999999952,193,0.55,-0.02500000000000009,0.8150000000000001,5.999999999999998,0.13943327905671654,force,track
mirror,46.09999999999952,193,0.55,-0.02500000000000009,0.8150000000000001,5.999999999999998,0.14104459050230164,force,track
mirror,46.149999999999515,193,0.55,-0.02500000000000009,0.8150000000000001,5.999999999999998,0.14301425886842783,force,track
mirror,46.19999999999951,193,0.55,-0.02500000000000009,0.8150000000000001,5.999999999999998,0.14510345285583806,force,track
mirror,46.24999999999951,194,0.55,-0.04500000000000008,0.8150000000000001,5.999999999999998,0.13837570341508001,force,track
mirror,46.29999999999951,194,0.55,-0.04500000000000008,0.8150000000000001,5.999999999999998,0.13943327905671654,force,track
mirror,46.349999999999504,194,0.55,-0.04500000000000008,0.8150000000000001,5.999999999999998,0.14104459050230164,force,track
mirror,46.3999999999995,195,0.55,-0.0650000000000001,0.8150000000000001,5.999999999999998,0.13943327905671654,force,track
mirror,46.4499999999995,195,0.55,-0.0650000000000001,0.8150000000000001,5.999999999999998,0.14104459050230164,force,track
mirror,46.499999999999496,195,0.55,-0.0650000000000001,0.8150000000000001,5.999999999999998,0.14301425886842783,force,track
mirror,46.54999999999949,196,0.55,-0.08500000000000012,0.8150000000000001,5.999999999999998,0.14104459050230164,force,track
mirror,46.59999999999949,196,0.55,-0.08500000000000012,0.8150000000000001,5.999999999999998,0.14301425886842783,force,track
mirror,46.64999999999949,196,0.55,-0.08500000000000012,0.8150000000000001,5.999999999999998,0.14510345285583806,force,track
mirror,46.699999999999484,197,0.55,-0.10500000000000011,0.8150000000000001,5.999999999999998,0.14301425886842783,force,track
mirror,46.74999999999948,197,0.55,-0.10500000000000011,0.8150000000000001,5.999999999999998,0.14510345285583806,force,track
mirror,46.79999999999948,197,0.55,-0.10500000000000011,0.8150000000000001,5.999999999999998,0.14705884813694764,force,track
mirror,46.849999999999476,198,0.55,-0.11499999999999994,0.795,5.999999999999998,0.14510345285583806,force,track
mirror,46.89999999999947,198,0.55,-0.11499999999999994,0.795,5.999999999999998,0.14705884813694764,force,track
mirror,46.94999999999947,198,0.55,-0.11499999999999994,0.795,5.999999999999998,0.14864334408934732,force,track
mirror,46.99999999999947,199,0.55,-0.11499999999999994,0.775,5.999999999999998,0.14705884813694764,force,track
mirror,47.049999999999464,199,0.55,-0.11499999999999994,0.775,5.999999999999998,0.14864334408934732,force,track
mirror,47.09999999999946,199,0.55,-0.11499999999999994,0.775,5.999999999999998,0.1496648133308404,force,track
mirror,47.14999999999946,200,0.55,-0.11499999999999994,0.735,5.999999999999998,0.14864334408934732,force,track
mirror,47.199999999999456,200,0.55,-0.11499999999999994,0.735,5.999999999999998,0.1496648133308404,force,track
mirror,47.24999999999945,200,0.55,-0.11499999999999994,0.735,5.999999999999998,0.14999939804338375,force,track
mirror,47.29999999999945,200,0.55,-0.11499999999999994,0.735,5.999999999999998,0.14960652830008891,force,track
mirror,47.34999999999945,200,0.55,-0.11499999999999994,0.735,5.999999999999998,0.1485338413544365,force,track
mirror,47.399999999999444,200,0.55,-0.11499999999999994,0.735,5.999999999999998,0.14691140540538436,force,track
mirror,47.44999999999944,201,0.55,-0.11499999999999994,0.715,5.999999999999998,0.1496648133308404,force,track
mirror,47.49999999999944,201,0.55,-0.11499999999999994,0.715,5.999999999999998,0.14999939804338375,force,track
mirror,47.549999999999436,201,0.55,-0.11499999999999994,0.715,5.999999999999998,0.14960652830008891,force,track
mirror,47.59999999999943,202,0.55,-0.11499999999999994,0.695,5.999999999999998,0.14999939804338375,force,track
mirror,47.64999999999943,202,0.55,-0.11499999999999994,0.695,5.999999999999998,0.14960652830008891,force,track
mirror,47.69999999999943,202,0.55,-0.11499999999999994,0.695,5.999999999999998,0.1485338413544365,force,track
mirror,47.749999999999424,203,0.55,-0.11499999999999994,0.6749999999999999,5.999999999999998,0.14960652830008891,force,track
mirror,47.79999999999942,203,0.55,-0.11499999999999994,0.6749999999999999,5.999999999999998,0.1485338413544365,force,track
mirror,47.84999999999942,203,0.55,-0.11499999999999994,0.6749999999999999,5.999999999999998,0.14691140540538436,force,track
mirror,47.899999999999416,204,0.55,-0.11499999999999994,0.6549999999999999,5.999999999999998,0.1485338413544365,force,track
mirror,47.94999999999941,204,0.55,-0.11499999999999994,0.6549999999999999,5.999999999999998,0.14691140540538436,force,track
mirror,47.99999999999941,204,0.55,-0.11499999999999994,0.6549999999999999,5.999999999999998,0.1449359482332724,force,track
mirror,48.04999999999941,205,0.55,-0.11499999999999994,0.6349999999999999,5.999999999999998,0.14691140540538436,force,track
mirror,48.099999999999405,205,0.55,-0.11499999999999994,0.6349999999999999,5.999999999999998,0.1449359482332724,force,track
mirror,48.1499999999994,205,0.55,-0.11499999999999994,0.6349999999999999,5.999999999999998,0.14284700305656328,force,track
mirror,48.1999999999994,206,0.55,-0.07249999999999993,0.6275,5.999999999999998,0.1449359482332724,force,track
mirror,48.249999999999396,206,0.55,-0.07249999999999993,0.6275,5.999999999999998,0.14284700305656328,force,track
mirror,48.29999999999939,206,0.55,-0.07249999999999993,0.6275,5.999999999999998,0.14089786403340573,force,track
mirror,48.34999999999939,206,0.55,-0.07249999999999993,0.6275,5.999999999999998,0.13932487318631462,force,track
mirror,48.39999999999939,206,0.55,-0.07249999999999993,0.6275,5.999999999999998,0.1383187628508399,force,track
mirror,48.449999999999385,206,0.55,-0.07249999999999993,0.6275,5.999999999999998,0.13800152850741376,force,track
mirror,48.49999999999938,207,0.55,-0.05249999999999992,0.6275,5.999999999999998,0.14284700305656328,force,track
mirror,48.54999999999938,207,0.55,-0.05249999999999992,0.6275,5.999999999999998,0.14089786403340573,force,track
mirror,48.599999999999376,207,0.55,-0.05249999999999992,0.6275,5.999999999999998,0.13932487318631462,force,track
mirror,48.64999999999937,208,0.55,-0.03249999999999992,0.6275,5.999999999999998,0.14089786403340573,force,track
mirror,48.69999999999937,208,0.55,-0.03249999999999992,0.6275,5.999999999999998,0.13932487318631462,force,track
mirror,48.74999999999937,208,0.55,-0.03249999999999992,0.6275,5.999999999999998,0.1383187628508399,force,track
mirror,48.799999999999365,209,0.55,-0.012499999999999914,0.6275,5.999999999999998,0.13932487318631462,force,track
mirror,48.84999999999936,209,0.55,-0.012499999999999914,0.6275,5.999999999999998,0.1383187628508399,force,track
mirror,48.89999999999936,209,0.55,-0.012499999999999914,0.6275,5.999999999999998,0.13800152850741376,force,track
mirror,48.949999999999356,210,0.55,0.00750000000000009,0.6275,5.999999999999998,0.1383187628508399,force,track
mirror,48.99999999999935,210,0.55,0.00750000000000009,0.6275,5.999999999999998,0.13800152850741376,force,track
mirror,49.04999999999935,210,0.55,0.00750000000000009,0.6275,5.999999999999998,0.13841163627130326,force,track
mirror,49.09999999999935,211,0.55,0.027500000000000094,0.6275,5.999999999999998,0.13800152850741376,force,track
mirror,49.149999999999345,211,0.55,0.027500000000000094,0.6275,5.999999999999998,0.13841163627130326,force,track
mirror,49.19999999999934,211,0.55,0.027500000000000094,0.6275,5.999999999999998,0.13949935870017877,force,track
mirror,49.24999999999934,212,0.55,0.0475000000000001,0.6275,5.999999999999998,0.13841163627130326,force,track
mirror,49.299999999999336,212,0.55,0.0475000000000001,0.6275,5.999999999999998,0.13949935870017877,force,track
mirror,49.34999999999933,212,0.55,0.0475000000000001,0.6275,5.999999999999998,0.14113280447396465,force,track
mirror,49.39999999999933,213,0.55,0.06750000000000009,0.6275,5.999999999999998,0.13949935870017877,force,track
mirror,49.44999999999933,213,0.55,0.06750000000000009,0.6275,5.999999999999998,0.14113280447396465,force,track
mirror,49.499999999999325,213,0.55,0.06750000000000009,0.6275,5.999999999999998,0.1431139108207099,force,track
mirror,49.54999999999932,214,0.55,0.07249999999999993,0.6699999999999999,5.999999999999998,0.14113280447396465,force,track
mirror,49.59999999999932,214,0.55,0.07249999999999993,0.6699999999999999,5.999999999999998,0.1431139108207099,force,track
mirror,49.64999999999932,214,0.55,0.07249999999999993,0.6699999999999999,5.999999999999998,0.1452024595336864,force,track
mirror,49.699999999999314,214,0.55,0.07249999999999993,0.6699999999999999,5.999999999999998,0.14714520452778646,force,track
mirror,49.74999999999931,214,0.55,0.07249999999999993,0.6699999999999999,5.999999999999998,0.14870657908576693,force,track
mirror,49.79999999999931,214,0.55,0.07249999999999993,0.6699999999999999,5.999999999999998,0.1496972594002687,force,track
mirror,49.849999999999305,215,0.55,0.07249999999999993,0.69,5.999999999999998,0.1431139108207099,force,track
mirror,49.8999999999993,215,0.55,0.07249999999999993,0.69,5.999999999999998,0.1452024595336864,force,track
mirror,49.9499999999993,215,0.55,0.07249999999999993,0.69,5.999999999999998,0.14714520452778646,force,track
mirror,49.9999999999993,216,0.55,0.07249999999999993,0.71,5.999999999999998,0.1452024595336864,force,track
mirror,50.049999999999294,216,0.55,0.07249999999999993,0.71,5.999999999999998,0.14714520452778646,force,track
mirror,50.09999999999929,216,0.55,0.07249999999999993,0.71,5.999999999999998,0.14870657908576693,force,track
mirror,50.14999999999929,217,0.55,0.07249999999999993,0.73,5.999999999999998,0.14714520452778646,force,track
mirror,50.199999999999285,217,0.55,0.07249999999999993,0.73,5.999999999999998,0.14870657908576693,force,track
mirror,50.24999999999928,217,0.55,0.07249999999999993,0.73,5.999999999999998,0.1496972594002687,force,track
mirror,50.29999999999928,218,0.55,0.07249999999999993,0.75,5.999999999999998,0.14870657908576693,force,track
mirror,50.34999999999928,218,0.55,0.07249999999999993,0.75,5.999999999999998,0.1496972594002687,force,track
mirror,50.399999999999274,218,0.55,0.07249999999999993,0.75,5.999999999999998,0.14999712095148438,force,track
mirror,50.44999999999927,219,0.55,0.07249999999999993,0.77,5.999999999999998,0.1496972594002687,force,track
mirror,50.49999999999927,219,0.55,0.07249999999999993,0.77,5.999999999999998,0.14999712095148438,force,track
mirror,50.549999999999265,219,0.55,0.07249999999999993,0.77,5.999999999999998,0.14956980415467075,force,track
mirror,50.59999999999926,220,0.55,0.05249999999999992,0.7725000000000001,5.999999999999998,0.14999712095148438,force,track
mirror,50.64999999999926,220,0.55,0.05249999999999992,0.7725000000000001,5.999999999999998,0.14956980415467075,force,track
mirror,50.69999999999926,220,0.55,0.05249999999999992,0.7725000000000001,5.999999999999998,0.14846712312611898,force,track
mirror,50.749999999999254,221,0.55,0.03249999999999992,0.7725000000000001,5.999999999999998,0.14956980415467075,force,track
mirror,50.79999999999925,221,0.55,0.03249999999999992,0.7725000000000001,5.999999999999998,0.14846712312611898,force,track
mirror,50.84999999999925,221,0.55,0.03249999999999992,0.7725000000000001,5.999999999999998,0.14682278298454052,force,track
mirror,50.899999999999245,222,0.55,-0.00750000000000009,0.7725000000000001,5.999999999999998,0.14846712312611898,force,track
mirror,50.94999999999924,222,0.55,-0.00750000000000009,0.7725000000000001,5.999999999999998,0.14682278298454052,force,track
mirror,50.99999999999924,222,0.55,-0.00750000000000009,0.7725000000000001,5.999999999999998,0.14483616749381556,force,track
mirror,51.04999999999924,222,0.55,-0.00750000000000009,0.7725000000000001,5.999999999999998,0.14274816286958003,force,track
mirror,51.099999999999234,222,0.55,-0.00750000000000009,0.7725000000000001,5.999999999999998,0.14081194922369314,force,track
mirror,51.14999999999923,222,0.55,-0.00750000000000009,0.7725000000000001,5.999999999999998,0.13926230131755082,force,track
mirror,51.19999999999923,223,0.55,-0.027500000000000094,0.7725000000000001,5.999999999999998,0.14682278298454052,force,track
mirror,51.249999999999226,223,0.55,-0.027500000000000094,0.7725000000000001,5.999999999999998,0.14483616749381556,force,track
mirror,51.29999999999922,223,0.55,-0.027500000000000094,0.7725000000000001,5.999999999999998,0.14274816286958003,force,track
mirror,51.34999999999922,224,0.55,-0.0475000000000001,0.7725000000000001,5.999999999999998,0.14483616749381556,force,track
mirror,51.39999999999922,224,0.55,-0.0475000000000001,0.7725000000000001,5.999999999999998,0.14274816286958003,force,track
mirror,51.449999999999214,224,0.55,-0.0475000000000001,0.7725000000000001,5.999999999999998,0.14081194922369314,force,track
mirror,51.49999999999921,225,0.55,-0.0675000000000001,0.7725000000000001,5.999999999999998,0.14274816286958003,force,track
mirror,51.54999999999921,225,0.55,-0.0675000000000001,0.7725000000000001,5.999999999999998,0.14081194922369314,force,track
mirror,51.599999999999206,225,0.55,-0.0675000000000001,0.7725000000000001,5.999999999999998,0.13926230131755082,force,track
mirror,51.6499999999992,226,0.55,-0.07249999999999993,0.7525000000000001,5.999999999999998,0.14081194922369314,force,track
mirror,51.6999999999992,226,0.55,-0.07249999999999993,0.7525000000000001,5.999999999999998,0.13926230131755082,force,track
mirror,51.7499999999992,226,0.55,-0.07249999999999993,0.7525000000000001,5.999999999999998,0.13828712104833535,force,track
mirror,51.799999999999194,227,0.55,-0.07249999999999993,0.7325,5.999999999999998,0.13926230131755082,force,track
mirror,51.84999999999919,227,0.55,-0.07249999999999993,0.7325,5.999999999999998,0.13828712104833535,force,track
mirror,51.89999999999919,227,0.55,-0.07249999999999993,0.7325,5.999999999999998,0.1380046534844614,force,track
mirror,51.949999999999186,228,0.55,-0.07249999999999993,0.7125,5.999999999999998,0.13828712104833535,force,track
mirror,51.99999999999918,228,0.55,-0.07249999999999993,0.7125,5.999999999999998,0.1380046534844614,force,track
mirror,52.04999999999918,228,0.55,-0.07249999999999993,0.7125,5.999999999999998,0.13844914911014147,force,track
mirror,52.09999999999918,229,0.55,-0.07249999999999993,0.6925,5.999999999999998,0.1380046534844614,force,track
mirror,52.149999999999174,229,0.55,-0.07249999999999993,0.6925,5.999999999999998,0.13844914911014147,force,track
mirror,52.19999999999917,229,0.55,-0.07249999999999993,0.6925,5.999999999999998,0.1395667107975032,force,track
mirror,52.24999999999917,230,0.55,-0.07249999999999993,0.6725,5.999999999999998,0.13844914911014147,force,track
mirror,52.299999999999166,230,0.55,-0.07249999999999993,0.6725,5.999999999999998,0.1395667107975032,force,track
mirror,52.34999999999916,230,0.55,-0.07249999999999993,0.6725,5.999999999999998,0.1412218290798857,force,track
mirror,52.39999999999916,231,0.55,-0.029999999999999923,0.6699999999999999,5.999999999999998,0.1395667107975032,force,track
mirror,52.44999999999916,231,0.55,-0.029999999999999923,0.6699999999999999,5.999999999999998,0.1412218290798857,force,track
mirror,52.499999999999154,231,0.55,-0.029999999999999923,0.6699999999999999,5.999999999999998,0.14321381329453392,force,track
mirror,52.54999999999915,231,0.55,-0.029999999999999923,0.6699999999999999,5.999999999999998,0.1453011262434778,force,track
mirror,52.59999999999915,231,0.55,-0.029999999999999923,0.6699999999999999,5.999999999999998,0.14723067168365148,force,track
mirror,52.649999999999146,231,0.55,-0.029999999999999923,0.6699999999999999,5.999999999999998,0.1487684834041039,force,track
mirror,52.69999999999914,232,0.55,-0.009999999999999922,0.6699999999999999,5.999999999999998,0.1412218290798857,force,track
mirror,52.74999999999914,232,0.55,-0.009999999999999922,0.6699999999999999,5.999999999999998,0.14321381329453392,force,track
mirror,52.79999999999914,232,0.55,-0.009999999999999922,0.6699999999999999,5.999999999999998,0.1453011262434778,force,track
mirror,52.849999999999135,233,0.55,0.010000000000000078,0.6699999999999999,5.999999999999998,0.14321381329453392,force,track
mirror,52.89999999999913,233,0.55,0.010000000000000078,0.6699999999999999,5.999999999999998,0.1453011262434778,force,track
mirror,52.94999999999913,233,0.55,0.010000000000000078,0.6699999999999999,5.999999999999998,0.14723067168365148,force,track
mirror,52.999999999999126,234,0.55,0.030000000000000075,0.6699999999999999,5.999999999999998,0.1453011262434778,force,track
mirror,53.04999999999912,234,0.55,0.030000000000000075,0.6699999999999999,5.999999999999998,0.14723067168365148,force,track
mirror,53.09999999999912,234,0.55,0.030000000000000075,0.6699999999999999,5.999999999999998,0.1487684834041039,force,track
mirror,53.14999999999912,235,0.55,0.029999999999999923,0.7124999999999999,5.999999999999998,0.14723067168365148,force,track
mirror,53.199999999999115,235,0.55,0.029999999999999923,0.7124999999999999,5.999999999999998,0.1487684834041039,force,track
mirror,53.24999999999911,235,0.55,0.029999999999999923,0.7124999999999999,5.999999999999998,0.14972809469931014,force,track
mirror,53.29999999999911,235,0.55,0.029999999999999923,0.7124999999999999,5.999999999999998,0.1499931483101714,force,track
mirror,53.349999999999106,235,0.55,0.029999999999999923,0.7124999999999999,5.999999999999998,0.1495315052739347,force,track
mirror,53.3999999999991,235,0.55,0.029999999999999923,0.7124999999999999,5.999999999999998,0.14839914192043974,force,track
mirror,53.4499999999991,236,0.55,0.029999999999999923,0.7324999999999999,5.999999999999998,0.1487684834041039,force,track
mirror,53.4999999999991,236,0.55,0.029999999999999923,0.7324999999999999,5.999999999999998,0.14972809469931014,force,track
mirror,53.549999999999095,236,0.55,0.029999999999999923,0.7324999999999999,5.999999999999998,0.1499931483101714,force,track
mirror,53.59999999999909,237,0.55,0.009999999999999922,0.7300000000000001,5.999999999999998,0.14972809469931014,force,track
mirror,53.64999999999909,237,0.55,0.009999999999999922,0.7300000000000001,5.999999999999998,0.1499931483101714,force,track
mirror,53.699999999999086,237,0.55,0.009999999999999922,0.7300000000000001,5.999999999999998,0.1495315052739347,force,track
mirror,53.74999999999908,238,0.55,-0.010000000000000078,0.7300000000000001,5.999999999999998,0.1499931483101714,force,track
mirror,53.79999999999908,238,0.55,-0.010000000000000078,0.7300000000000001,5.999999999999998,0.1495315052739347,force,track
mirror,53.84999999999908,238,0.55,-0.010000000000000078,0.7300000000000001,5.999999999999998,0.14839914192043974,force,track
mirror,53.899999999999075,239,0.55,-0.03000000000000008,0.7300000000000001,5.999999999999998,0.1495315052739347,force,track
mirror,53.94999999999907,239,0.55,-0.03000000000000008,0.7300000000000001,5.999999999999998,0.14839914192043974,force,track
mirror,53.99999999999907,239,0.55,-0.03000000000000008,0.7300000000000001,5.999999999999998,0.1467333624860736,force,track
mirror,54.049999999999066,240,0.55,-0.029999999999999923,0.7100000000000001,5.999999999999998,0.14839914192043974,force,track
mirror,54.09999999999906,240,0.55,-0.029999999999999923,0.7100000000000001,5.999999999999998,0.1467333624860736,force,track
mirror,54.14999999999906,240,0.55,-0.029999999999999923,0.7100000000000001,5.999999999999998,0.14473615034703669,force,track
