x,y,z,reachable,message,yaw,qx,qy,qz,qw,joint_names,joint_positions
0.2,-0.3,0.5,1,success,0.0,1.0,0.0,0.0,0.0,shoulder_pan_joint;shoulder_lift_joint;elbow_joint;wrist_1_joint;wrist_2_joint;wrist_3_joint,-1.3614881145;-1.9433916851;1.8379924554;4.8177882097;4.7123889806;3.3509008656
0.2,-0.27999999999999997,0.5,1,success,0.0,1.0,0.0,0.0,0.0,shoulder_pan_joint;shoulder_lift_joint;elbow_joint;wrist_1_joint;wrist_2_joint;wrist_3_joint,4.9348339234;-0.1059423556;-1.4793703071;3.1561089896;-4.7123889790;-6.0607403640
0.2,-0.25999999999999995,0.5,1,success,0.0,1.0,0.0,0.0,0.0,shoulder_pan_joint;shoulder_lift_joint;elbow_joint;wrist_1_joint;wrist_2_joint;wrist_3_joint,2.6449720952;5.1710292776;-1.8861072886;4.5690596455;1.5707963267;4.2157684222
0.2,-0.23999999999999994,0.5,1,success,0.0,1.0,0.0,0.0,0.0,shoulder_pan_joint;shoulder_lift_joint;elbow_joint;wrist_1_joint;wrist_2_joint;wrist_3_joint,4.9663105803;-2.0715867912;1.9069297093;4.8770448234;-1.5707958224;3.3955143925
0.2,-0.21999999999999992,0.5,1,success,0.0,1.0,0.0,0.0,0.0,shoulder_pan_joint;shoulder_lift_joint;elbow_joint;wrist_1_joint;wrist_2_joint;wrist_3_joint,-3.5096702901;5.2544964890;-1.9255913964;-1.7581080780;1.5707937185;4.3443111115
0.2,-0.1999999999999999,0.5,1,success,1.5707963267948966,0.7071067811865476,-0.7071067811865475,0.0,-0.0,shoulder_pan_joint;shoulder_lift_joint;elbow_joint;wrist_1_joint;wrist_2_joint;wrist_3_joint,-1.2761472047;-2.1531290655;1.9421130468;-1.3597803028;-1.5707963266;-1.2761472049
0.2,-0.17999999999999988,0.5,1,success,1.5707963267948966,0.7071067811865476,-0.7071067811865475,0.0,-0.0,shoulder_pan_joint;shoulder_lift_joint;elbow_joint;wrist_1_joint;wrist_2_joint;wrist_3_joint,-1.2511167326;-0.1295417360;-1.6675723176;3.3679103891;-4.7123889832;-4.3927093863
0.2,-0.15999999999999986,0.5,1,success,0.0,1.0,0.0,0.0,0.0,shoulder_pan_joint;shoulder_lift_joint;elbow_joint;wrist_1_joint;wrist_2_joint;wrist_3_joint,5.0610675992;-2.2290693939;1.9688667194;-1.3105936513;-1.5707963208;-2.7929140353
0.2,-0.13999999999999985,0.5,1,success,0.0,1.0,0.0,0.0,0.0,shoulder_pan_joint;shoulder_lift_joint;elbow_joint;wrist_1_joint;wrist_2_joint;wrist_3_joint,-1.1883296141;-1.7779233738;1.7238837484;-4.6583492712;1.5707962066;-5.9007186174
0.2,-0.11999999999999983,0.5,1,success,0.0,1.0,0.0,0.0,0.0,shoulder_pan_joint;shoulder_lift_joint;elbow_joint;wrist_1_joint;wrist_2_joint;wrist_3_joint,3.2095289703;-1.3323913861;-1.7476612914;1.5092563492;4.7123889785;-4.6444526639
0.2,-0.09999999999999981,0.5,1,success,0.0,1.0,0.0,0.0,0.0,shoulder_pan_joint;shoulder_lift_joint;elbow_joint;wrist_1_joint;wrist_2_joint;wrist_3_joint,-2.9665614199;5.4668762801;-1.9943521340;-1.9017273928;1.5707964102;4.8874202628
0.2,-0.0799999999999998,0.5,1,success,0.0,1.0,0.0,0.0,0.0,shoulder_pan_joint;shoulder_lift_joint;elbow_joint;wrist_1_joint;wrist_2_joint;wrist_3_joint,3.4283470988;5.0038949794;-1.7856608804;-4.7890324781;-1.5707954820;-4.4256343628
0.2,-0.059999999999999776,0.5,1,success,1.5707963267948966,0.7071067811865476,-0.7071067811865475,0.0,-0.0,shoulder_pan_joint;shoulder_lift_joint;elbow_joint;wrist_1_joint;wrist_2_joint;wrist_3_joint,-0.9838821307;-2.3710022125;2.0030880390;-1.2028798690;-1.5707886604;-0.9838825436
0.2,-0.03999999999999976,0.5,1,success,0.0,1.0,0.0,0.0,0.0,shoulder_pan_joint;shoulder_lift_joint;elbow_joint;wrist_1_joint;wrist_2_joint;wrist_3_joint,5.3735285819;-2.3863033819;2.0055196995;5.0931726138;4.7123890027;3.8027322550
0.2,-0.01999999999999974,0.5,1,success,0.0,1.0,0.0,0.0,0.0,shoulder_pan_joint;shoulder_lift_joint;elbow_joint;wrist_1_joint;wrist_2_joint;wrist_3_joint,-2.5161853658;-1.2340910192;-1.8156732983;1.4789679911;-1.5707963247;2.1962036143
0.2,2.7755575615628914e-16,0.5,1,success,0.0,1.0,0.0,0.0,0.0,shoulder_pan_joint;shoulder_lift_joint;elbow_joint;wrist_1_joint;wrist_2_joint;wrist_3_joint,3.8710966857;5.5405781334;-2.0073296260;4.3207331239;1.5707963265;5.4418930127
0.2,0.020000000000000295,0.5,1,success,0.0,1.0,0.0,0.0,0.0,shoulder_pan_joint;shoulder_lift_joint;elbow_joint;wrist_1_joint;wrist_2_joint;wrist_3_joint,3.9663372539;5.0490942894;-1.8156732983;-4.8042173181;-1.5707963266;-3.8876443803
0.2,0.04000000000000031,0.5,1,success,0.0,1.0,0.0,0.0,0.0,shoulder_pan_joint;shoulder_lift_joint;elbow_joint;wrist_1_joint;wrist_2_joint;wrist_3_joint,-0.5148767032;-2.3863105681;2.0055145344;5.0931849474;4.7123887162;-2.0856730321
0.2,0.06000000000000033,0.5,1,success,0.0,1.0,0.0,0.0,0.0,shoulder_pan_joint;shoulder_lift_joint;elbow_joint;wrist_1_joint;wrist_2_joint;wrist_3_joint,-2.1577276911;-1.2588879016;-1.7994713870;1.4875640678;4.7123889357;2.5546613406
0.2,0.08000000000000035,0.5,1,success,0.0,1.0,0.0,0.0,0.0,shoulder_pan_joint;shoulder_lift_joint;elbow_joint;wrist_1_joint;wrist_2_joint;wrist_3_joint,-2.0938342636;-1.2792939960;-1.7856571233;1.4941547976;4.7123889875;2.6185547137
0.2,0.10000000000000037,0.5,1,success,0.0,1.0,0.0,0.0,0.0,shoulder_pan_joint;shoulder_lift_joint;elbow_joint;wrist_1_joint;wrist_2_joint;wrist_3_joint,-0.1750322641;4.4456361614;1.7683160369;1.6400294031;-4.7123901442;1.3957640957
0.2,0.12000000000000038,0.5,1,success,0.0,1.0,0.0,0.0,0.0,shoulder_pan_joint;shoulder_lift_joint;elbow_joint;wrist_1_joint;wrist_2_joint;wrist_3_joint,-0.0679363195;-1.8092012640;1.7476612857;1.6323363060;1.5707963122;1.5028600070
0.2,0.1400000000000004,0.5,1,success,0.0,1.0,0.0,0.0,0.0,shoulder_pan_joint;shoulder_lift_joint;elbow_joint;wrist_1_joint;wrist_2_joint;wrist_3_joint,-1.9532628597;-1.3636692208;-1.7238837426;1.5167566518;-1.5707963036;2.7591261175
0.2,0.16000000000000042,0.5,1,success,0.0,1.0,0.0,0.0,0.0,shoulder_pan_joint;shoulder_lift_joint;elbow_joint;wrist_1_joint;wrist_2_joint;wrist_3_joint,4.3637103487;-1.3973129367;-1.6971447817;1.5236613458;4.7123889417;2.7929140068
0.2,0.18000000000000044,0.5,1,success,0.0,1.0,0.0,0.0,0.0,shoulder_pan_joint;shoulder_lift_joint;elbow_joint;wrist_1_joint;wrist_2_joint;wrist_3_joint,0.2145134669;-1.7087271925;1.6675723053;1.6119512145;1.5707963266;-4.4978755133
0.2,0.20000000000000046,0.5,1,success,0.0,1.0,0.0,0.0,0.0,shoulder_pan_joint;shoulder_lift_joint;elbow_joint;wrist_1_joint;wrist_2_joint;wrist_3_joint,4.4177402154;-2.8133092249;1.9421131481;-3.8411929600;1.5707963557;5.9885365401
0.2,0.22000000000000047,0.5,1,success,0.0,1.0,0.0,0.0,0.0,shoulder_pan_joint;shoulder_lift_joint;elbow_joint;wrist_1_joint;wrist_2_joint;wrist_3_joint,-5.9151069958;4.6499419047;1.6002737656;-4.6794193438;-4.7123889819;1.9388746384
0.2,0.2400000000000005,0.5,1,success,1.5707963267948966,0.7071067811865476,-0.7071067811865475,0.0,-0.0,shoulder_pan_joint;shoulder_lift_joint;elbow_joint;wrist_1_joint;wrist_2_joint;wrist_3_joint,-1.8247125736;-3.0308703805;1.5626341841;-0.1025601396;-1.5707962489;-1.8247125722
0.2,0.2600000000000005,0.5,1,success,0.0,1.0,0.0,0.0,0.0,shoulder_pan_joint;shoulder_lift_joint;elbow_joint;wrist_1_joint;wrist_2_joint;wrist_3_joint,4.4751735012;-1.1121560287;-1.8861072865;4.5690596423;-4.7123889806;6.0459698282
0.2,0.2800000000000005,0.5,1,success,0.0,1.0,0.0,0.0,0.0,shoulder_pan_joint;shoulder_lift_joint;elbow_joint;wrist_1_joint;wrist_2_joint;wrist_3_joint,-1.7932412834;3.3729988785;1.8631287068;-3.6653312627;1.5707963329;-0.2224449568
0.2,0.30000000000000054,0.5,1,success,0.0,1.0,0.0,0.0,0.0,shoulder_pan_joint;shoulder_lift_joint;elbow_joint;wrist_1_joint;wrist_2_joint;wrist_3_joint,0.6040993767;4.3397935787;1.8379924089;4.8177883436;4.7123888117;-0.9666968818
0.22,-0.3,0.5,1,success,0.0,1.0,0.0,0.0,0.0,shoulder_pan_joint;shoulder_lift_joint;elbow_joint;wrist_1_joint;wrist_2_joint;wrist_3_joint,4.9786779386;6.0860293750;-1.8195481281;-5.8372775741;4.7123889806;-2.8753036956
0.22,-0.27999999999999997,0.5,1,success,1.5707963267948966,0.7071067811865476,-0.7071067811865475,0.0,-0.0,shoulder_pan_joint;shoulder_lift_joint;elbow_joint;wrist_1_joint;wrist_2_joint;wrist_3_joint,-1.2885159368;-1.9550702695;1.8449683165;4.8224906130;-1.5707965245;4.9946693662
0.22,-0.25999999999999995,0.5,1,success,0.0,1.0,0.0,0.0,0.0,shoulder_pan_joint;shoulder_lift_joint;elbow_joint;wrist_1_joint;wrist_2_joint;wrist_3_joint,-1.2706726122;-0.2361265255;-1.8682737592;-5.7495813654;4.7123890176;-2.8414689326
0.22,-0.23999999999999994,0.5,1,success,-1.5707963267948966,0.7071067811865476,0.7071067811865475,0.0,0.0,shoulder_pan_joint;shoulder_lift_joint;elbow_joint;wrist_1_joint;wrist_2_joint;wrist_3_joint,-1.2506757416;4.2471788615;1.8894706361;-1.4242605174;-1.5707963266;1.8909169117
0.22,-0.21999999999999992,0.5,1,success,1.5707963267948966,0.7071067811865476,-0.7071067811865475,0.0,-0.0,shoulder_pan_joint;shoulder_lift_joint;elbow_joint;wrist_1_joint;wrist_2_joint;wrist_3_joint,-3.4842223738;4.7387072698;-1.5658822590;1.5395626811;4.7123895991;-3.4842212334
0.22,-0.1999999999999999,0.5,1,success,0.0,1.0,0.0,0.0,0.0,shoulder_pan_joint;shoulder_lift_joint;elbow_joint;wrist_1_joint;wrist_2_joint;wrist_3_joint,2.8686800273;-1.0286914926;-1.9255906719;4.5250792426;-4.7123887944;4.4394768784
0.22,-0.17999999999999988,0.5,1,success,0.0,1.0,0.0,0.0,0.0,shoulder_pan_joint;shoulder_lift_joint;elbow_joint;wrist_1_joint;wrist_2_joint;wrist_3_joint,2.9439621856;5.2907755924;-1.9405642093;4.5037702504;-4.7123889797;4.5147585126
0.22,-0.15999999999999986,0.5,1,success,0.0,1.0,0.0,0.0,0.0,shoulder_pan_joint;shoulder_lift_joint;elbow_joint;wrist_1_joint;wrist_2_joint;wrist_3_joint,-3.2582754941;-1.4408884407;-1.6607099156;-4.7523832161;4.7123887059;1.4541147089
0.22,-0.13999999999999985,0.5,1,success,0.0,1.0,0.0,0.0,0.0,shoulder_pan_joint;shoulder_lift_joint;elbow_joint;wrist_1_joint;wrist_2_joint;wrist_3_joint,-1.1032888600;-2.2156970021;1.9645774019;-1.3196767123;-1.5707964034;3.6091001370
0.22,-0.11999999999999983,0.5,1,success,0.0,1.0,0.0,0.0,0.0,shoulder_pan_joint;shoulder_lift_joint;elbow_joint;wrist_1_joint;wrist_2_joint;wrist_3_joint,-1.0602188486;-2.2450898423;1.9737670027;-1.2994734870;-1.5707963269;3.6521701322
0.22,-0.09999999999999981,0.5,1,success,0.0,1.0,0.0,0.0,0.0,shoulder_pan_joint;shoulder_lift_joint;elbow_joint;wrist_1_joint;wrist_2_joint;wrist_3_joint,3.2992479157;4.9265453161;-1.7293180447;-4.7680238978;4.7123880292;-4.5547337581
0.22,-0.0799999999999998,0.5,1,success,0.0,1.0,0.0,0.0,0.0,shoulder_pan_joint;shoulder_lift_joint;elbow_joint;wrist_1_joint;wrist_2_joint;wrist_3_joint,-2.8845521113;-0.8478867297;-1.9870366349;4.4057196882;-4.7123889875;4.9694295243
0.22,-0.059999999999999776,0.5,1,success,0.0,1.0,0.0,0.0,0.0,shoulder_pan_joint;shoulder_lift_joint;elbow_joint;wrist_1_joint;wrist_2_joint;wrist_3_joint,-0.8905885491;3.9713082049;1.9913727231;-1.2502919444;-1.5707960669;-2.4613848771
0.22,-0.03999999999999976,0.5,1,success,0.0,1.0,0.0,0.0,0.0,shoulder_pan_joint;shoulder_lift_joint;elbow_joint;wrist_1_joint;wrist_2_joint;wrist_3_joint,3.6004186146;-0.8163089468;-1.9943519557;4.3814572293;1.5707963263;-1.1119703656
0.22,-0.01999999999999974,0.5,1,success,1.5707963267948966,0.7071067811865476,-0.7071067811865475,0.0,-0.0,shoulder_pan_joint;shoulder_lift_joint;elbow_joint;wrist_1_joint;wrist_2_joint;wrist_3_joint,-0.7384438055;-2.3335129670;1.9960875843;-1.2333709473;-1.5707963084;-0.7384437976
0.22,2.7755575615628914e-16,0.5,1,success,0.0,1.0,0.0,0.0,0.0,shoulder_pan_joint;shoulder_lift_joint;elbow_joint;wrist_1_joint;wrist_2_joint;wrist_3_joint,3.7925007676;5.4778811689;-1.9966569509;4.3727574163;-4.7123889809;5.3632970946
0.22,0.020000000000000295,0.5,1,success,1.5707963267948966,0.7071067811865476,-0.7071067811865475,0.0,-0.0,shoulder_pan_joint;shoulder_lift_joint;elbow_joint;wrist_1_joint;wrist_2_joint;wrist_3_joint,-0.5571236724;-2.3335129615;1.9960877015;-1.2333712800;-1.5707962893;-0.5571236636
0.22,0.04000000000000031,0.5,1,success,0.0,1.0,0.0,0.0,0.0,shoulder_pan_joint;shoulder_lift_joint;elbow_joint;wrist_1_joint;wrist_2_joint;wrist_3_joint,3.9601256248;5.4668763652;-1.9943519557;4.3814572215;-4.7123889787;5.5309219512
0.22,0.06000000000000033,0.5,1,success,1.5707963267948966,0.7071067811865476,-0.7071067811865475,0.0,-0.0,shoulder_pan_joint;shoulder_lift_joint;elbow_joint;wrist_1_joint;wrist_2_joint;wrist_3_joint,4.0321813259;-0.8297156775;-1.9913726906;4.3918846963;-4.7123889796;-5.3925966343
0.22,0.08000000000000035,0.5,1,success,0.0,1.0,0.0,0.0,0.0,shoulder_pan_joint;shoulder_lift_joint;elbow_joint;wrist_1_joint;wrist_2_joint;wrist_3_joint,-0.2570407828;-2.2937059524;1.9870366963;-1.2641270015;-1.5707961617;4.4553481971
0.22,0.10000000000000037,0.5,1,success,0.0,1.0,0.0,0.0,0.0,shoulder_pan_joint;shoulder_lift_joint;elbow_joint;wrist_1_joint;wrist_2_joint;wrist_3_joint,-2.1306848367;4.9265435130;-1.7293166778;-4.7680231744;-1.5707963293;2.5817041421
0.22,0.12000000000000038,0.5,1,success,0.0,1.0,0.0,0.0,0.0,shoulder_pan_joint;shoulder_lift_joint;elbow_joint;wrist_1_joint;wrist_2_joint;wrist_3_joint,-0.0615190760;-2.2450903065;1.9737691432;-1.2994814461;4.7123848888;4.6508681095
0.22,0.1400000000000004,0.5,1,success,0.0,1.0,0.0,0.0,0.0,shoulder_pan_joint;shoulder_lift_joint;elbow_joint;wrist_1_joint;wrist_2_joint;wrist_3_joint,0.0301695343;-1.7314468236;1.6866267741;1.6156163765;1.5707963266;1.6009658612
0.22,0.16000000000000042,0.5,1,success,0.0,1.0,0.0,0.0,0.0,shoulder_pan_joint;shoulder_lift_joint;elbow_joint;wrist_1_joint;wrist_2_joint;wrist_3_joint,0.1166829640;4.5824818028;1.6607104806;-4.6723959564;1.5707963265;-4.5957060162
0.22,0.18000000000000044,0.5,1,success,0.0,1.0,0.0,0.0,0.0,shoulder_pan_joint;shoulder_lift_joint;elbow_joint;wrist_1_joint;wrist_2_joint;wrist_3_joint,0.1976305625;4.6153273216;1.6318982147;1.6067560879;1.5707965660;1.7684268895
0.22,0.20000000000000046,0.5,1,success,-1.5707963267948966,0.7071067811865476,0.7071067811865475,0.0,0.0,shoulder_pan_joint;shoulder_lift_joint;elbow_joint;wrist_1_joint;wrist_2_joint;wrist_3_joint,-1.9388713139;-1.0286882453;-1.9255924346;4.5250819615;1.5707964632;-1.9388712501
0.22,0.22000000000000047,0.5,1,success,0.0,1.0,0.0,0.0,0.0,shoulder_pan_joint;shoulder_lift_joint;elbow_joint;wrist_1_joint;wrist_2_joint;wrist_3_joint,4.3697590717;3.4212563774;1.9085700586;-3.7590297425;1.5707964680;5.9405553992
0.22,0.2400000000000005,0.5,1,success,3.141592653589793,-6.123233995736766e-17,1.0,0.0,0.0,shoulder_pan_joint;shoulder_lift_joint;elbow_joint;wrist_1_joint;wrist_2_joint;wrist_3_joint,4.3922683951;3.3990286552;1.8894706352;-3.7177029631;1.5707963263;2.8214720684
0.22,0.2600000000000005,0.5,1,success,1.5707963267948966,0.7071067811865476,-0.7071067811865475,0.0,-0.0,shoulder_pan_joint;shoulder_lift_joint;elbow_joint;wrist_1_joint;wrist_2_joint;wrist_3_joint,-1.8709200395;-3.0354763000;1.4888815313;-0.0242015531;-1.5707962933;-1.8709200435
0.22,0.2800000000000005,0.5,1,success,1.5707963267948966,0.7071067811865476,-0.7071067811865475,0.0,-0.0,shoulder_pan_joint;shoulder_lift_joint;elbow_joint;wrist_1_joint;wrist_2_joint;wrist_3_joint,-1.8530766546;-3.0355879965;1.4462178993;0.0185737768;-1.5707962941;-1.8530766582
0.22,0.30000000000000054,0.5,1,success,0.0,1.0,0.0,0.0,0.0,shoulder_pan_joint;shoulder_lift_joint;elbow_joint;wrist_1_joint;wrist_2_joint;wrist_3_joint,-1.8370852839;-1.2280111283;-1.8195481265;-1.6648297258;-4.7123889811;-0.2662889564
0.24,-0.3,0.5,1,success,0.0,1.0,0.0,0.0,0.0,shoulder_pan_joint;shoulder_lift_joint;elbow_joint;wrist_1_joint;wrist_2_joint;wrist_3_joint,-1.2503824380;6.0991325960;-1.7991527627;0.4124019740;-1.5707981517;3.4620004009
0.24,-0.27999999999999997,0.5,1,success,0.0,1.0,0.0,0.0,0.0,shoulder_pan_joint;shoulder_lift_joint;elbow_joint;wrist_1_joint;wrist_2_joint;wrist_3_joint,5.0511816530;-0.2008282694;-1.8248372609;0.4548677236;4.7123907661;-2.8027993789
0.24,-0.25999999999999995,0.5,1,success,-1.5707963267948966,0.7071067811865476,0.7071067811865475,0.0,0.0,shoulder_pan_joint;shoulder_lift_joint;elbow_joint;wrist_1_joint;wrist_2_joint;wrist_3_joint,2.7024776434;-1.1806101031;-1.8484463659;-1.6833313427;1.5707954494;-3.5807077902
0.24,-0.23999999999999994,0.5,1,success,0.0,1.0,0.0,0.0,0.0,shoulder_pan_joint;shoulder_lift_joint;elbow_joint;wrist_1_joint;wrist_2_joint;wrist_3_joint,-3.5233829170;4.6656876718;-1.4920564335;1.5387577428;-1.5707963127;1.1890060612
0.24,-0.21999999999999992,0.5,1,success,0.0,1.0,0.0,0.0,0.0,shoulder_pan_joint;shoulder_lift_joint;elbow_joint;wrist_1_joint;wrist_2_joint;wrist_3_joint,-1.1637739504;-2.0360064443;1.8894706353;4.8589247886;4.7123889807;-2.7345702773
0.24,-0.1999999999999999,0.5,1,success,0.0,1.0,0.0,0.0,0.0,shoulder_pan_joint;shoulder_lift_joint;elbow_joint;wrist_1_joint;wrist_2_joint;wrist_3_joint,-1.1355605233;-2.0715880876;1.9069265644;-1.4061345116;4.7123890466;3.5768283882
0.24,-0.17999999999999988,0.5,1,success,-1.5707963267948966,0.7071067811865476,0.7071067811865475,0.0,0.0,shoulder_pan_joint;shoulder_lift_joint;elbow_joint;wrist_1_joint;wrist_2_joint;wrist_3_joint,5.1792542527;-1.6261991922;1.5936791765;-4.6798689682;1.5707963803;5.1792542484
0.24,-0.15999999999999986,0.5,1,success,0.0,1.0,0.0,0.0,0.0,shoulder_pan_joint;shoulder_lift_joint;elbow_joint;wrist_1_joint;wrist_2_joint;wrist_3_joint,3.0339907934;-1.4848866077;-1.6218509859;1.5359412715;-1.5707963260;-4.8199908410
0.24,-0.13999999999999985,0.5,1,success,0.0,1.0,0.0,0.0,0.0,shoulder_pan_joint;shoulder_lift_joint;elbow_joint;wrist_1_joint;wrist_2_joint;wrist_3_joint,-1.0284528677;-1.6850048360;1.6470846557;1.6087163139;1.5707962210;0.5423435094
0.24,-0.11999999999999983,0.5,1,success,0.0,1.0,0.0,0.0,0.0,shoulder_pan_joint;shoulder_lift_joint;elbow_joint;wrist_1_joint;wrist_2_joint;wrist_3_joint,-0.9835312393;4.5724335115;1.6692930161;-4.6709299088;1.5707959244;0.5872645336
0.24,-0.09999999999999981,0.5,1,success,0.0,1.0,0.0,0.0,0.0,shoulder_pan_joint;shoulder_lift_joint;elbow_joint;wrist_1_joint;wrist_2_joint;wrist_3_joint,-0.9331087806;4.0652816130;1.9652976861;4.9649949882;-1.5707963266;-2.5039051079
0.24,-0.0799999999999998,0.5,1,success,1.5707963267948966,0.7071067811865476,-0.7071067811865475,0.0,-0.0,shoulder_pan_joint;shoulder_lift_joint;elbow_joint;wrist_1_joint;wrist_2_joint;wrist_3_joint,5.4064270451;4.0450005966;1.9716937685;4.9788793552;-1.5707951718;-0.8767582494
0.24,-0.059999999999999776,0.5,1,success,0.0,1.0,0.0,0.0,0.0,shoulder_pan_joint;shoulder_lift_joint;elbow_joint;wrist_1_joint;wrist_2_joint;wrist_3_joint,-2.8175197560;5.3960534122;-1.9765125536;-1.8487445311;1.5707963266;-1.2467234290
0.24,-0.03999999999999976,0.5,1,success,0.0,1.0,0.0,0.0,0.0,shoulder_pan_joint;shoulder_lift_joint;elbow_joint;wrist_1_joint;wrist_2_joint;wrist_3_joint,-0.7449532289;-2.2664109153;1.9798833345;4.9989173196;4.7123907587;-2.3157504802
0.24,-0.01999999999999974,0.5,1,success,0.0,1.0,0.0,0.0,0.0,shoulder_pan_joint;shoulder_lift_joint;elbow_joint;wrist_1_joint;wrist_2_joint;wrist_3_joint,-0.6697028172;-2.2737142065;1.9818720311;-1.2789522324;4.7123882533;4.0426867698
0.24,2.7755575615628914e-16,0.5,1,success,0.0,1.0,0.0,0.0,0.0,shoulder_pan_joint;shoulder_lift_joint;elbow_joint;wrist_1_joint;wrist_2_joint;wrist_3_joint,-0.5888640939;4.4934884153;1.7329557245;-4.6556482557;1.5707956630;0.9819324335
0.24,0.020000000000000295,0.5,1,success,0.0,1.0,0.0,0.0,0.0,shoulder_pan_joint;shoulder_lift_joint;elbow_joint;wrist_1_joint;wrist_2_joint;wrist_3_joint,3.8112924726;4.9289102846;-1.7311344470;1.5146131430;-1.5707963250;2.2404961444
0.24,0.04000000000000031,0.5,1,success,0.0,1.0,0.0,0.0,0.0,shoulder_pan_joint;shoulder_lift_joint;elbow_joint;wrist_1_joint;wrist_2_joint;wrist_3_joint,3.8865449077;-1.3613386895;-1.7256912717;-4.7669516730;-1.5707963267;2.3157485807
0.24,0.06000000000000033,0.5,1,success,0.0,1.0,0.0,0.0,0.0,shoulder_pan_joint;shoulder_lift_joint;elbow_joint;wrist_1_joint;wrist_2_joint;wrist_3_joint,-0.3240728972;-1.7687163937;1.7166863242;1.6228263965;-4.7123889805;1.2467234298
0.24,0.08000000000000035,0.5,1,success,0.0,1.0,0.0,0.0,0.0,shoulder_pan_joint;shoulder_lift_joint;elbow_joint;wrist_1_joint;wrist_2_joint;wrist_3_joint,-2.2648759674;-0.9034261226;-1.9716812567;4.4459037065;1.5707963256;5.5891056667
0.24,0.10000000000000037,0.5,1,success,0.0,1.0,0.0,0.0,0.0,shoulder_pan_joint;shoulder_lift_joint;elbow_joint;wrist_1_joint;wrist_2_joint;wrist_3_joint,4.0746974302;5.3594976246;-1.9652993137;-1.8234000512;1.5707944739;5.6454935782
0.24,0.12000000000000038,0.5,0,no_ik_solution,nan,,,,,,
0.24,0.1400000000000004,0.5,1,success,-1.5707963267948966,0.7071067811865476,0.7071067811865475,0.0,0.0,shoulder_pan_joint;shoulder_lift_joint;elbow_joint;wrist_1_joint;wrist_2_joint;wrist_3_joint,-2.1131402096;5.3087392166;-1.9474883096;-1.7904546180;1.5707962325;-2.1131401920
0.24,0.16000000000000042,0.5,1,success,1.5707963267948966,0.7071067811865476,-0.7071067811865475,0.0,-0.0,shoulder_pan_joint;shoulder_lift_joint;elbow_joint;wrist_1_joint;wrist_2_joint;wrist_3_joint,4.2099960060;5.2790875847;-1.9358848859;4.5107789356;-4.7123889788;-5.2147819544
0.24,0.18000000000000044,0.5,1,success,0.0,1.0,0.0,0.0,0.0,shoulder_pan_joint;shoulder_lift_joint;elbow_joint;wrist_1_joint;wrist_2_joint;wrist_3_joint,4.2455207089;5.2471189284;-1.9223872339;4.5292503878;-4.7123907494;5.8163163774
0.24,0.20000000000000046,0.5,1,success,-1.5707963267948966,0.7071067811865476,0.7071067811865475,0.0,0.0,shoulder_pan_joint;shoulder_lift_joint;elbow_joint;wrist_1_joint;wrist_2_joint;wrist_3_joint,4.2771527632;5.2131808173;-1.9069265465;-1.7354579439;1.5707963266;4.2771527634
0.24,0.22000000000000047,0.5,1,success,0.0,1.0,0.0,0.0,0.0,shoulder_pan_joint;shoulder_lift_joint;elbow_joint;wrist_1_joint;wrist_2_joint;wrist_3_joint,4.3053666042;-1.1055862089;-1.8894706355;-1.7173321356;-4.7123889806;5.8761629312
0.24,0.2400000000000005,0.5,1,success,-1.5707963267948966,0.7071067811865476,0.7071067811865475,0.0,0.0,shoulder_pan_joint;shoulder_lift_joint;elbow_joint;wrist_1_joint;wrist_2_joint;wrist_3_joint,-1.9525867840;5.1406518948;-1.8699855060;-1.6998700946;1.5707963642;4.3305985187
0.24,0.2600000000000005,0.5,1,success,0.0,1.0,0.0,0.0,0.0,shoulder_pan_joint;shoulder_lift_joint;elbow_joint;wrist_1_joint;wrist_2_joint;wrist_3_joint,0.4391152954;-1.4871642881;1.4525183433;-4.6777430320;-4.7123889858;2.0099116223
0.24,0.2800000000000005,0.5,1,success,0.0,1.0,0.0,0.0,0.0,shoulder_pan_joint;shoulder_lift_joint;elbow_joint;wrist_1_joint;wrist_2_joint;wrist_3_joint,-1.9095760192;3.3424129167;1.8248507853;2.6867179802;1.5707963207;5.9444056150
0.24,0.30000000000000054,0.5,1,success,0.0,1.0,0.0,0.0,0.0,shoulder_pan_joint;shoulder_lift_joint;elbow_joint;wrist_1_joint;wrist_2_joint;wrist_3_joint,-1.8912030308;-1.2593710558;-1.7991494658;-1.6538684590;1.5707963271;5.9627786034
0.26,-0.3,0.5,1,success,-1.5707963267948966,0.7071067811865476,0.7071067811865475,0.0,0.0,shoulder_pan_joint;shoulder_lift_joint;elbow_joint;wrist_1_joint;wrist_2_joint;wrist_3_joint,-3.6558674324;-1.7648452245;-1.3255353395;-4.7636010667;4.7123888806;-0.5142747746
0.26,-0.27999999999999997,0.5,1,success,0.0,1.0,0.0,0.0,0.0,shoulder_pan_joint;shoulder_lift_joint;elbow_joint;wrist_1_joint;wrist_2_joint;wrist_3_joint,-3.6076543461;-1.7266579782;-1.3709332515;-4.7563904011;4.7123889810;1.1047346333
0.26,-0.25999999999999995,0.5,1,success,0.0,1.0,0.0,0.0,0.0,shoulder_pan_joint;shoulder_lift_joint;elbow_joint;wrist_1_joint;wrist_2_joint;wrist_3_joint,5.1268079284;4.3583868856;1.8265962325;-1.4725941380;4.7123889806;3.5560116015
0.26,-0.23999999999999994,0.5,1,success,-1.5707963267948966,0.7071067811865476,0.7071067811865475,0.0,0.0,shoulder_pan_joint;shoulder_lift_joint;elbow_joint;wrist_1_joint;wrist_2_joint;wrist_3_joint,-3.5007505445;-1.1806125671;-1.8484445222;-1.6833318891;-4.7123889769;2.7824347637
0.26,-0.21999999999999992,0.5,1,success,0.0,1.0,0.0,0.0,0.0,shoulder_pan_joint;shoulder_lift_joint;elbow_joint;wrist_1_joint;wrist_2_joint;wrist_3_joint,2.8414689384;5.1375275814;-1.8682737381;4.5847277893;1.5707963276;-1.8709200492
0.26,-0.1999999999999999,0.5,1,success,0.0,1.0,0.0,0.0,0.0,shoulder_pan_joint;shoulder_lift_joint;elbow_joint;wrist_1_joint;wrist_2_joint;wrist_3_joint,-3.3788081321;-1.1121560285;-1.8861072862;-1.7141256654;1.5707963265;-1.8080118052
0.26,-0.17999999999999988,0.5,1,success,1.5707963267948966,0.7071067811865476,-0.7071067811865475,0.0,-0.0,shoulder_pan_joint;shoulder_lift_joint;elbow_joint;wrist_1_joint;wrist_2_joint;wrist_3_joint,-1.0406781060;-1.5838614923;1.5529125273;1.6017453127;1.5707962106;-4.1822707629
0.26,-0.15999999999999986,0.5,1,success,3.141592653589793,-6.123233995736766e-17,1.0,0.0,0.0,shoulder_pan_joint;shoulder_lift_joint;elbow_joint;wrist_1_joint;wrist_2_joint;wrist_3_joint,-1.0035139328;-2.0910177264;1.9159182978;-1.3956968984;-1.5707963266;0.5672823936
0.26,-0.13999999999999985,0.5,1,success,0.0,1.0,0.0,0.0,0.0,shoulder_pan_joint;shoulder_lift_joint;elbow_joint;wrist_1_joint;wrist_2_joint;wrist_3_joint,-0.9622870710;4.6446097202;1.6052296419;-4.6790430369;1.5707963261;-5.6746760511
0.26,-0.11999999999999983,0.5,1,success,0.0,1.0,0.0,0.0,0.0,shoulder_pan_joint;shoulder_lift_joint;elbow_joint;wrist_1_joint;wrist_2_joint;wrist_3_joint,-3.0897966641;5.2849042811;-1.9382307947;-1.7758770005;1.5707970984;-1.5190002715
0.26,-0.09999999999999981,0.5,1,success,0.0,1.0,0.0,0.0,0.0,shoulder_pan_joint;shoulder_lift_joint;elbow_joint;wrist_1_joint;wrist_2_joint;wrist_3_joint,3.2733875988;5.3067206493;-1.9467274152;-1.7891896541;-4.7123840204;4.8441855700
0.26,-0.0799999999999998,0.5,1,success,0.0,1.0,0.0,0.0,0.0,shoulder_pan_joint;shoulder_lift_joint;elbow_joint;wrist_1_joint;wrist_2_joint;wrist_3_joint,5.4725730459;4.0996057440;1.9535382229;-1.3407549870;-1.5707963267;-2.3814085883
0.26,-0.059999999999999776,0.5,1,success,0.0,1.0,0.0,0.0,0.0,shoulder_pan_joint;shoulder_lift_joint;elbow_joint;wrist_1_joint;wrist_2_joint;wrist_3_joint,3.4378872909;-0.9432469832;-1.9587427201;4.4727863738;-4.7123901340;-1.2745018757
0.26,-0.03999999999999976,0.5,1,success,1.5707963267948966,0.7071067811865476,-0.7071067811865475,0.0,-0.0,shoulder_pan_joint;shoulder_lift_joint;elbow_joint;wrist_1_joint;wrist_2_joint;wrist_3_joint,-0.6840374603;-2.2091280817;1.9624042273;-1.3240724732;-1.5707963267;-0.6840374605
0.26,-0.01999999999999974,0.5,1,success,0.0,1.0,0.0,0.0,0.0,shoulder_pan_joint;shoulder_lift_joint;elbow_joint;wrist_1_joint;wrist_2_joint;wrist_3_joint,3.6013804457;-0.9258956578;-1.9645774159;-1.8219159069;1.5707963230;5.1721767728
0.26,2.7755575615628914e-16,0.5,1,success,0.0,1.0,0.0,0.0,0.0,shoulder_pan_joint;shoulder_lift_joint;elbow_joint;wrist_1_joint;wrist_2_joint;wrist_3_joint,-0.5383176575;-2.2179037175;1.9652976927;4.9649950004;-1.5707962894;4.1740713244
0.26,0.020000000000000295,0.5,1,success,0.0,1.0,0.0,0.0,0.0,shoulder_pan_joint;shoulder_lift_joint;elbow_joint;wrist_1_joint;wrist_2_joint;wrist_3_joint,-0.4597877912;-1.7314468238;1.6866267742;-4.6675689312;1.5707963265;1.1110085358
0.26,0.04000000000000031,0.5,1,success,0.0,1.0,0.0,0.0,0.0,shoulder_pan_joint;shoulder_lift_joint;elbow_joint;wrist_1_joint;wrist_2_joint;wrist_3_joint,-0.3787381658;-2.2091285841;1.9624045552;4.9591129525;-1.5707963119;4.3336508145
0.26,0.06000000000000033,0.5,1,success,1.5707963267948966,0.7071067811865476,-0.7071067811865475,0.0,-0.0,shoulder_pan_joint;shoulder_lift_joint;elbow_joint;wrist_1_joint;wrist_2_joint;wrist_3_joint,-0.2962952710;-2.1983452918;1.9587425250;-1.3311935593;-1.5707963244;-0.2962952713
0.26,0.08000000000000035,0.5,1,success,3.141592653589793,-6.123233995736766e-17,1.0,0.0,0.0,shoulder_pan_joint;shoulder_lift_joint;elbow_joint;wrist_1_joint;wrist_2_joint;wrist_3_joint,3.9522048904;4.8422961557;-1.6607104850;-4.7523820165;4.7123889797;5.5230012161
0.26,0.10000000000000037,0.5,1,success,0.0,1.0,0.0,0.0,0.0,shoulder_pan_joint;shoulder_lift_joint;elbow_joint;wrist_1_joint;wrist_2_joint;wrist_3_joint,4.0077338733;5.3067166645;-1.9467249173;4.4939898867;1.5707963269;5.5785302003
0.26,0.12000000000000038,0.5,1,success,0.0,1.0,0.0,0.0,0.0,shoulder_pan_joint;shoulder_lift_joint;elbow_joint;wrist_1_joint;wrist_2_joint;wrist_3_joint,-0.0517958716;-2.1433113588;1.9382306994;-1.3657156766;-1.5707963259;4.6605931086
0.26,0.1400000000000004,0.5,0,no_ik_solution,nan,,,,,,
0.26,0.16000000000000042,0.5,1,success,0.0,1.0,0.0,0.0,0.0,shoulder_pan_joint;shoulder_lift_joint;elbow_joint;wrist_1_joint;wrist_2_joint;wrist_3_joint,4.1451105398;-1.0505732488;-1.9159240907;-1.7458909987;1.5707939905;5.7159023666
0.26,0.18000000000000044,0.5,1,success,0.0,1.0,0.0,0.0,0.0,shoulder_pan_joint;shoulder_lift_joint;elbow_joint;wrist_1_joint;wrist_2_joint;wrist_3_joint,0.1704110009;-2.0612271372;1.9019757203;4.8716403971;4.7123889807;4.8827999811
0.26,0.20000000000000046,0.5,1,success,1.5707963267948966,0.7071067811865476,-0.7071067811865475,0.0,-0.0,shoulder_pan_joint;shoulder_lift_joint;elbow_joint;wrist_1_joint;wrist_2_joint;wrist_3_joint,4.2157700969;-1.1121549585;-1.8861052746;4.5690535174;-4.7123935380;-5.2090030668
0.26,0.22000000000000047,0.5,1,success,1.5707963267948966,0.7071067811865476,-0.7071067811865475,0.0,-0.0,shoulder_pan_joint;shoulder_lift_joint;elbow_joint;wrist_1_joint;wrist_2_joint;wrist_3_joint,4.2459862070;5.1375284452;-1.8682766304;4.5847298225;1.5707963256;1.1043935536
0.26,0.2400000000000005,0.5,1,success,0.0,1.0,0.0,0.0,0.0,shoulder_pan_joint;shoulder_lift_joint;elbow_joint;wrist_1_joint;wrist_2_joint;wrist_3_joint,-2.0099116035;5.1025729812;-1.8484446963;4.5998533485;1.5707963265;-0.4391152765
0.26,0.2600000000000005,0.5,1,success,0.0,1.0,0.0,0.0,0.0,shoulder_pan_joint;shoulder_lift_joint;elbow_joint;wrist_1_joint;wrist_2_joint;wrist_3_joint,0.4144195300;4.3583767628;1.8266040494;4.8105934667;4.7123889859;5.1268085104
0.26,0.2800000000000005,0.5,1,success,0.0,1.0,0.0,0.0,0.0,shoulder_pan_joint;shoulder_lift_joint;elbow_joint;wrist_1_joint;wrist_2_joint;wrist_3_joint,0.4660617231;-1.8875848635;1.8027107249;-1.4859221463;-1.5707963047;-1.1047346090
0.26,0.30000000000000054,0.5,1,success,0.0,1.0,0.0,0.0,0.0,shoulder_pan_joint;shoulder_lift_joint;elbow_joint;wrist_1_joint;wrist_2_joint;wrist_3_joint,0.5142747237;4.4336814386;1.7767728106;-1.4980652693;4.7123889807;5.2266637039
0.27999999999999997,-0.3,0.5,1,success,1.5707963267948966,0.7071067811865476,-0.7071067811865475,0.0,-0.0,shoulder_pan_joint;shoulder_lift_joint;elbow_joint;wrist_1_joint;wrist_2_joint;wrist_3_joint,-3.6306256882;-1.3259945601;-1.7523964087;4.6491873608;-4.7123886025;5.7941522730
0.27999999999999997,-0.27999999999999997,0.5,1,success,1.5707963267948966,0.7071067811865476,-0.7071067811865475,0.0,-0.0,shoulder_pan_joint;shoulder_lift_joint;elbow_joint;wrist_1_joint;wrist_2_joint;wrist_3_joint,-1.1287363282;-1.8520912368;1.7785854266;-1.4972905207;-1.5707963238;-1.1287363284
0.27999999999999997,-0.25999999999999995,0.5,1,success,0.0,1.0,0.0,0.0,0.0,shoulder_pan_joint;shoulder_lift_joint;elbow_joint;wrist_1_joint;wrist_2_joint;wrist_3_joint,-3.5336141135;-1.2540078256;-1.8027107039;4.6275148565;-4.7123889805;4.3203675207
0.27999999999999997,-0.23999999999999994,0.5,1,success,1.5707963267948966,0.7071067811865476,-0.7071067811865475,0.0,-0.0,shoulder_pan_joint;shoulder_lift_joint;elbow_joint;wrist_1_joint;wrist_2_joint;wrist_3_joint,-1.0784599660;-1.9219785217;1.8248366262;-1.4736544311;-1.5707963266;-1.0784599663
0.27999999999999997,-0.21999999999999992,0.5,1,success,1.5707963267948966,0.7071067811865476,-0.7071067811865475,0.0,-0.0,shoulder_pan_joint;shoulder_lift_joint;elbow_joint;wrist_1_joint;wrist_2_joint;wrist_3_joint,2.8593123594;-1.1865224137;-1.8449681007;-1.6808984675;-4.7123889824;-0.2822802939
0.27999999999999997,-0.1999999999999999,0.5,1,success,0.0,1.0,0.0,0.0,0.0,shoulder_pan_joint;shoulder_lift_joint;elbow_joint;wrist_1_joint;wrist_2_joint;wrist_3_joint,-3.3640375890;4.6536868296;-1.4793700653;-4.7451130038;4.7123892614;-4.9348340719
0.27999999999999997,-0.17999999999999988,0.5,1,success,1.5707963267948966,0.7071067811865476,-0.7071067811865475,0.0,-0.0,shoulder_pan_joint;shoulder_lift_joint;elbow_joint;wrist_1_joint;wrist_2_joint;wrist_3_joint,-3.3009101960;5.1580754003;-1.8793472143;4.5752534498;1.5707963266;6.1238677650
0.27999999999999997,-0.15999999999999986,0.5,1,success,0.0,1.0,0.0,0.0,0.0,shoulder_pan_joint;shoulder_lift_joint;elbow_joint;wrist_1_joint;wrist_2_joint;wrist_3_joint,-0.9452731058;4.2388758466;1.8936591591;-1.4201451934;-1.5707951162;3.7671151871
0.27999999999999997,-0.13999999999999985,0.5,1,success,0.0,1.0,0.0,0.0,0.0,shoulder_pan_joint;shoulder_lift_joint;elbow_joint;wrist_1_joint;wrist_2_joint;wrist_3_joint,3.1178033150;5.2114425345;-1.9061034680;4.5486425678;1.5707963266;-1.5945856651
0.27999999999999997,-0.11999999999999983,0.5,1,success,0.0,1.0,0.0,0.0,0.0,shoulder_pan_joint;shoulder_lift_joint;elbow_joint;wrist_1_joint;wrist_2_joint;wrist_3_joint,3.1896049576;-1.0487793480;-1.9167299694;4.5363056784;-4.7123888541;4.7604014030
0.27999999999999997,-0.09999999999999981,0.5,1,success,1.5707963267948966,0.7071067811865476,-0.7071067811865475,0.0,-0.0,shoulder_pan_joint;shoulder_lift_joint;elbow_joint;wrist_1_joint;wrist_2_joint;wrist_3_joint,-0.8079272845;-2.1129015048;1.9255903150;-1.3834851424;-1.5707962541;-0.8079272817
0.27999999999999997,-0.0799999999999998,0.5,1,success,0.0,1.0,0.0,0.0,0.0,shoulder_pan_joint;shoulder_lift_joint;elbow_joint;wrist_1_joint;wrist_2_joint;wrist_3_joint,3.3387470218;-1.0117653083;-1.9327459736;-1.7678755035;-4.7123887741;4.9095433570
0.27999999999999997,-0.059999999999999776,0.5,1,success,0.0,1.0,0.0,0.0,0.0,shoulder_pan_joint;shoulder_lift_joint;elbow_joint;wrist_1_joint;wrist_2_joint;wrist_3_joint,5.5878882190;-1.6622552495;1.6268672712;-4.6770010008;-4.7123889847;0.8754992356
0.27999999999999997,-0.03999999999999976,0.5,1,success,0.0,1.0,0.0,0.0,0.0,shoulder_pan_joint;shoulder_lift_joint;elbow_joint;wrist_1_joint;wrist_2_joint;wrist_3_joint,3.4904446524;-0.9884635909;-1.9421130538;-1.7818123355;-4.7123889806;-1.2219443278
0.27999999999999997,-0.01999999999999974,0.5,1,success,0.0,1.0,0.0,0.0,0.0,shoulder_pan_joint;shoulder_lift_joint;elbow_joint;wrist_1_joint;wrist_2_joint;wrist_3_joint,-2.7180943674;4.8189116673;-1.6403166605;1.5337935834;4.7123898924;-4.2888900119
0.27999999999999997,2.7755575615628914e-16,0.5,1,success,1.5707963267948966,0.7071067811865476,-0.7071067811865475,0.0,-0.0,shoulder_pan_joint;shoulder_lift_joint;elbow_joint;wrist_1_joint;wrist_2_joint;wrist_3_joint,-0.4961819847;-2.1610991246;1.9451935266;-1.3548907290;-1.5707963266;-0.4961819849
0.27999999999999997,0.020000000000000295,0.5,1,success,0.0,1.0,0.0,0.0,0.0,shoulder_pan_joint;shoulder_lift_joint;elbow_joint;wrist_1_joint;wrist_2_joint;wrist_3_joint,-2.5754773674;5.3006899351;-1.9444260114;4.4977178963;-4.7123895172;5.2785041977
0.27999999999999997,0.04000000000000031,0.5,1,success,0.0,1.0,0.0,0.0,0.0,shoulder_pan_joint;shoulder_lift_joint;elbow_joint;wrist_1_joint;wrist_2_joint;wrist_3_joint,3.7742384220;5.2947217861;-1.9421131954;4.5013732716;-4.7123891613;-0.9381505941
0.27999999999999997,0.06000000000000033,0.5,1,success,0.0,1.0,0.0,0.0,0.0,shoulder_pan_joint;shoulder_lift_joint;elbow_joint;wrist_1_joint;wrist_2_joint;wrist_3_joint,-2.4462955769;5.2849037929;-1.9382305880;-1.7758768582;1.5707963218;5.4076860546
0.27999999999999997,0.08000000000000035,0.5,1,success,0.0,1.0,0.0,0.0,0.0,shoulder_pan_joint;shoulder_lift_joint;elbow_joint;wrist_1_joint;wrist_2_joint;wrist_3_joint,-0.1971688481;4.1533610712;1.9327377574;-1.3737105348;-1.5707961809;-1.7679627088
0.27999999999999997,0.10000000000000037,0.5,1,success,1.5707963267948966,0.7071067811865476,-0.7071067811865475,0.0,-0.0,shoulder_pan_joint;shoulder_lift_joint;elbow_joint;wrist_1_joint;wrist_2_joint;wrist_3_joint,-0.1218794094;4.6499443621;1.6002713360;-4.6794193726;1.5707963259;-3.2634720617
0.27999999999999997,0.12000000000000038,0.5,1,success,0.0,1.0,0.0,0.0,0.0,shoulder_pan_joint;shoulder_lift_joint;elbow_joint;wrist_1_joint;wrist_2_joint;wrist_3_joint,-0.0480134257;-2.0928136875;1.9167308780;-1.3947140181;-1.5707967348;-1.6188097530
0.27999999999999997,0.1400000000000004,0.5,1,success,0.0,1.0,0.0,0.0,0.0,shoulder_pan_joint;shoulder_lift_joint;elbow_joint;wrist_1_joint;wrist_2_joint;wrist_3_joint,-2.2380867617;5.2114425499;-1.9061034763;4.5486425869;1.5707963285;5.6158948756
0.27999999999999997,0.16000000000000042,0.5,1,success,-1.5707963267948966,0.7071067811865476,0.7071067811865475,0.0,0.0,shoulder_pan_joint;shoulder_lift_joint;elbow_joint;wrist_1_joint;wrist_2_joint;wrist_3_joint,4.0868638708;-1.0972838258;-1.8936589804;-1.7214462325;1.5707962904;4.0868639943
0.27999999999999997,0.18000000000000044,0.5,1,success,1.5707963267948966,0.7071067811865476,-0.7071067811865475,0.0,-0.0,shoulder_pan_joint;shoulder_lift_joint;elbow_joint;wrist_1_joint;wrist_2_joint;wrist_3_joint,4.1249499893;5.1580754999;-1.8793471937;-1.7079319825;1.5707966376;0.9833573320
0.27999999999999997,0.20000000000000046,0.5,1,success,3.141592653589793,-6.123233995736766e-17,1.0,0.0,0.0,shoulder_pan_joint;shoulder_lift_joint;elbow_joint;wrist_1_joint;wrist_2_joint;wrist_3_joint,0.2224538857;-1.5121054658;1.4793868720;-4.6796616566;-4.7123893315;4.9348428059
0.27999999999999997,0.22000000000000047,0.5,1,success,0.0,1.0,0.0,0.0,0.0,shoulder_pan_joint;shoulder_lift_joint;elbow_joint;wrist_1_joint;wrist_2_joint;wrist_3_joint,-2.0919345730;5.0966629868;-1.8449681275;4.6022867739;-4.7123891435;-0.5211382456
0.27999999999999997,0.2400000000000005,0.5,1,success,1.5707963267948966,0.7071067811865476,-0.7071067811865475,0.0,-0.0,shoulder_pan_joint;shoulder_lift_joint;elbow_joint;wrist_1_joint;wrist_2_joint;wrist_3_joint,4.2200534192;-1.2196137992;-1.8248372667;4.6152473894;-4.7123889922;1.0784607659
0.27999999999999997,0.2600000000000005,0.5,1,success,0.0,1.0,0.0,0.0,0.0,shoulder_pan_joint;shoulder_lift_joint;elbow_joint;wrist_1_joint;wrist_2_joint;wrist_3_joint,0.3920233896;4.8682502879;1.3709355642;-4.6683885779;1.5707964387;-4.3203655403
0.27999999999999997,0.2800000000000005,0.5,1,success,0.0,1.0,0.0,0.0,0.0,shoulder_pan_joint;shoulder_lift_joint;elbow_joint;wrist_1_joint;wrist_2_joint;wrist_3_joint,0.4420588939;-1.8520724522;1.7785701491;-1.4972940226;-1.5707963287;-1.1287374330
0.27999999999999997,0.30000000000000054,0.5,1,success,0.0,1.0,0.0,0.0,0.0,shoulder_pan_joint;shoulder_lift_joint;elbow_joint;wrist_1_joint;wrist_2_joint;wrist_3_joint,-5.7941523675;-1.3422320284;1.2831637592;1.6298645783;-4.7123889729;-4.2233560464
0.29999999999999993,-0.3,0.5,1,success,0.0,1.0,0.0,0.0,0.0,shoulder_pan_joint;shoulder_lift_joint;elbow_joint;wrist_1_joint;wrist_2_joint;wrist_3_joint,-3.6073863171;-1.3609413290;-1.7259988821;4.6577365381;1.5707963266;-2.0365899901
0.29999999999999993,-0.27999999999999997,0.5,1,success,1.5707963267948966,0.7071067811865476,-0.7071067811865475,0.0,-0.0,shoulder_pan_joint;shoulder_lift_joint;elbow_joint;wrist_1_joint;wrist_2_joint;wrist_3_joint,-3.5616873888;4.9571907637;-1.7523964006;4.6491872710;1.5707963259;-0.4200947350
0.29999999999999993,-0.25999999999999995,0.5,1,success,1.5707963267948966,0.7071067811865476,-0.7071067811865475,0.0,-0.0,shoulder_pan_joint;shoulder_lift_joint;elbow_joint;wrist_1_joint;wrist_2_joint;wrist_3_joint,-1.0565215988;-1.8495059954;1.7767744983;-1.4980653571;-1.5707965806;-1.0565216198
0.29999999999999993,-0.23999999999999994,0.5,1,success,0.0,1.0,0.0,0.0,0.0,shoulder_pan_joint;shoulder_lift_joint;elbow_joint;wrist_1_joint;wrist_2_joint;wrist_3_joint,-3.4619993469;-1.7320024274;-1.3646736525;1.5258796730;4.7123890765;1.2503896372
0.29999999999999993,-0.21999999999999992,0.5,1,success,0.0,1.0,0.0,0.0,0.0,shoulder_pan_joint;shoulder_lift_joint;elbow_joint;wrist_1_joint;wrist_2_joint;wrist_3_joint,-3.4078816118;-1.2280111274;-1.8195481277;-1.6648297253;-4.7123889806;-1.8370852848
0.29999999999999993,-0.1999999999999999,0.5,1,success,1.5707963267948966,0.7071067811865476,-0.7071067811865475,0.0,-0.0,shoulder_pan_joint;shoulder_lift_joint;elbow_joint;wrist_1_joint;wrist_2_joint;wrist_3_joint,-3.3509008659;-1.6715983606;-1.4336339217;-4.7487493516;-1.5707963266;2.9322844411
0.29999999999999993,-0.17999999999999988,0.5,1,success,0.0,1.0,0.0,0.0,0.0,shoulder_pan_joint;shoulder_lift_joint;elbow_joint;wrist_1_joint;wrist_2_joint;wrist_3_joint,2.9920642936;5.1130322393;-1.8545093999;4.5954587927;1.5707963322;-1.7203246866
0.29999999999999993,-0.15999999999999986,0.5,1,success,0.0,1.0,0.0,0.0,0.0,shoulder_pan_joint;shoulder_lift_joint;elbow_joint;wrist_1_joint;wrist_2_joint;wrist_3_joint,-3.2286814546;-1.1440983359;-1.8691292168;4.5840238790;-4.7123889806;4.6253001798
0.29999999999999993,-0.13999999999999985,0.5,1,success,0.0,1.0,0.0,0.0,0.0,shoulder_pan_joint;shoulder_lift_joint;elbow_joint;wrist_1_joint;wrist_2_joint;wrist_3_joint,3.1193728431;-1.1202803603;-1.8818881810;4.5729648680;-4.7123889757;-1.5930161372
0.29999999999999993,-0.11999999999999983,0.5,1,success,1.5707963267948966,0.7071067811865476,-0.7071067811865475,0.0,-0.0,shoulder_pan_joint;shoulder_lift_joint;elbow_joint;wrist_1_joint;wrist_2_joint;wrist_3_joint,-0.8057610154;-2.0426402831;1.8928223050;-1.4209779130;-1.5707962015;-0.8057611010
0.29999999999999993,-0.09999999999999981,0.5,1,success,1.5707963267948966,0.7071067811865476,-0.7071067811865475,0.0,-0.0,shoulder_pan_joint;shoulder_lift_joint;elbow_joint;wrist_1_joint;wrist_2_joint;wrist_3_joint,-0.7568842255;-2.0612271755;1.9019757327;-1.4115448853;-1.5707963213;-0.7568842122
0.29999999999999993,-0.0799999999999998,0.5,1,success,0.0,1.0,0.0,0.0,0.0,shoulder_pan_joint;shoulder_lift_joint;elbow_joint;wrist_1_joint;wrist_2_joint;wrist_3_joint,5.5788316654;-1.5987899671;1.5675086578;-4.6811077234;1.5707963247;0.8664426894
0.29999999999999993,-0.059999999999999776,0.5,1,success,0.0,1.0,0.0,0.0,0.0,shoulder_pan_joint;shoulder_lift_joint;elbow_joint;wrist_1_joint;wrist_2_joint;wrist_3_joint,-0.6482166101;4.6725472439;1.5789212094;-4.6806721237;1.5707963098;0.9225797123
0.29999999999999993,-0.03999999999999976,0.5,1,success,0.0,1.0,0.0,0.0,0.0,shoulder_pan_joint;shoulder_lift_joint;elbow_joint;wrist_1_joint;wrist_2_joint;wrist_3_joint,3.4651191720;-1.5223569540;-1.5871102852;-4.7445193553;-1.5707958928;-4.3888622303
0.29999999999999993,-0.01999999999999974,0.5,1,success,1.5707963267948966,0.7071067811865476,-0.7071067811865475,0.0,-0.0,shoulder_pan_joint;shoulder_lift_joint;elbow_joint;wrist_1_joint;wrist_2_joint;wrist_3_joint,-0.5258998765;-2.1036921573;1.9215788378;-1.3886830074;-1.5707963266;-0.5258998826
0.29999999999999993,2.7755575615628914e-16,0.5,1,success,0.0,1.0,0.0,0.0,0.0,shoulder_pan_joint;shoulder_lift_joint;elbow_joint;wrist_1_joint;wrist_2_joint;wrist_3_joint,5.8227561082;-1.6261996763;1.5936794295;1.6033155518;-4.7123890066;1.1103671926
0.29999999999999993,0.020000000000000295,0.5,1,success,0.0,1.0,0.0,0.0,0.0,shoulder_pan_joint;shoulder_lift_joint;elbow_joint;wrist_1_joint;wrist_2_joint;wrist_3_joint,3.6674925315;5.2452848222;-1.9215787922;-1.7529097181;1.5707963733;-1.0448964783
0.29999999999999993,0.04000000000000031,0.5,1,success,0.0,1.0,0.0,0.0,0.0,shoulder_pan_joint;shoulder_lift_joint;elbow_joint;wrist_1_joint;wrist_2_joint;wrist_3_joint,5.9596528486;-2.0982296886;1.9191590569;4.8914596774;4.7123894679;4.3888565214
0.29999999999999993,0.06000000000000033,0.5,1,success,0.0,1.0,0.0,0.0,0.0,shoulder_pan_joint;shoulder_lift_joint;elbow_joint;wrist_1_joint;wrist_2_joint;wrist_3_joint,-2.4933760653;4.7522307137;-1.5789211920;1.5390794587;4.7123889803;2.2190129153
0.29999999999999993,0.08000000000000035,0.5,1,success,0.0,1.0,0.0,0.0,0.0,shoulder_pan_joint;shoulder_lift_joint;elbow_joint;wrist_1_joint;wrist_2_joint;wrist_3_joint,-2.4372320297;-1.0647549333;-1.9093932575;4.5449427017;-4.7123878478;-0.8664357683
0.29999999999999993,0.10000000000000037,0.5,1,success,0.0,1.0,0.0,0.0,0.0,shoulder_pan_joint;shoulder_lift_joint;elbow_joint;wrist_1_joint;wrist_2_joint;wrist_3_joint,3.8984762968;5.2028203192;-1.9019760883;-1.7300476152;-4.7123889598;5.4692728864
0.29999999999999993,0.12000000000000038,0.5,1,success,1.5707963267948966,0.7071067811865476,-0.7071067811865475,0.0,-0.0,shoulder_pan_joint;shoulder_lift_joint;elbow_joint;wrist_1_joint;wrist_2_joint;wrist_3_joint,-2.3358316305;-1.5755451215;-1.5351779786;1.5399275250;-1.5707976893;-2.3358300495
0.29999999999999993,0.1400000000000004,0.5,1,success,0.0,1.0,0.0,0.0,0.0,shoulder_pan_joint;shoulder_lift_joint;elbow_joint;wrist_1_joint;wrist_2_joint;wrist_3_joint,3.9926296759;4.6871494748;-1.5143550955;-4.7435908460;-1.5707957559;-3.8613519533
0.29999999999999993,0.16000000000000042,0.5,1,success,0.0,1.0,0.0,0.0,0.0,shoulder_pan_joint;shoulder_lift_joint;elbow_joint;wrist_1_joint;wrist_2_joint;wrist_3_joint,4.0344185061;5.1390869705;-1.8691292165;4.5840238802;-4.7123889806;5.6052148331
0.29999999999999993,0.18000000000000044,0.5,1,success,3.141592653589793,-6.123233995736766e-17,1.0,0.0,0.0,shoulder_pan_joint;shoulder_lift_joint;elbow_joint;wrist_1_joint;wrist_2_joint;wrist_3_joint,4.0729035131;-1.1701531912;-1.8545092414;4.5954587596;-4.7123889806;2.5021071865
0.29999999999999993,0.20000000000000046,0.5,1,success,0.0,1.0,0.0,0.0,0.0,shoulder_pan_joint;shoulder_lift_joint;elbow_joint;wrist_1_joint;wrist_2_joint;wrist_3_joint,4.1082895362;5.0849842948;-1.8379925672;-1.6761954042;1.5707963236;5.6790858633
0.29999999999999993,0.22000000000000047,0.5,1,success,-1.5707963267948966,0.7071067811865476,0.7071067811865475,0.0,0.0,shoulder_pan_joint;shoulder_lift_joint;elbow_joint;wrist_1_joint;wrist_2_joint;wrist_3_joint,4.1408013656;-1.2280111228;-1.8195481308;-1.6648297268;-4.7123889805;-2.1423839413
0.29999999999999993,0.2400000000000005,0.5,1,success,0.0,1.0,0.0,0.0,0.0,shoulder_pan_joint;shoulder_lift_joint;elbow_joint;wrist_1_joint;wrist_2_joint;wrist_3_joint,0.3204066061;-1.8822216104;1.7991495890;-1.4877243070;4.7123889805;-1.2503897209
0.29999999999999993,0.2600000000000005,0.5,1,success,-1.5707963267948966,0.7071067811865476,0.7071067811865475,0.0,0.0,shoulder_pan_joint;shoulder_lift_joint;elbow_joint;wrist_1_joint;wrist_2_joint;wrist_3_joint,0.3716597962;4.9064378643;1.3255353509;-4.6611768881;-4.7123889801;0.3716597970
0.29999999999999993,0.2800000000000005,0.5,1,success,0.0,1.0,0.0,0.0,0.0,shoulder_pan_joint;shoulder_lift_joint;elbow_joint;wrist_1_joint;wrist_2_joint;wrist_3_joint,-2.0598292643;4.9571907625;-1.7523963998;-1.6339980357;1.5707963268;-0.4890329373
0.29999999999999993,0.30000000000000054,0.5,1,success,0.0,1.0,0.0,0.0,0.0,shoulder_pan_joint;shoulder_lift_joint;elbow_joint;wrist_1_joint;wrist_2_joint;wrist_3_joint,-5.8173936701;-1.7806520037;1.7260021467;4.7670379971;4.7123898771;-1.1050035983
0.31999999999999995,-0.3,0.5,1,success,0.0,1.0,0.0,0.0,0.0,shoulder_pan_joint;shoulder_lift_joint;elbow_joint;wrist_1_joint;wrist_2_joint;wrist_3_joint,-3.5859625920;-1.8733896053;-1.1880328969;-4.7925591320;-1.5707963266;1.1264263881
0.31999999999999995,-0.27999999999999997,0.5,1,success,0.0,1.0,0.0,0.0,0.0,shoulder_pan_joint;shoulder_lift_joint;elbow_joint;wrist_1_joint;wrist_2_joint;wrist_3_joint,-1.0377059007;-1.7782951824;1.7241731589;-1.5166833449;4.7123895093;-2.6085013437
0.31999999999999995,-0.25999999999999995,0.5,1,success,0.0,1.0,0.0,0.0,0.0,shoulder_pan_joint;shoulder_lift_joint;elbow_joint;wrist_1_joint;wrist_2_joint;wrist_3_joint,5.2716540575;-1.8106913573;1.7487681339;-1.5088731135;4.7123887900;-2.5823275834
0.31999999999999995,-0.23999999999999994,0.5,1,success,1.5707963267948966,0.7071067811865476,-0.7071067811865475,0.0,-0.0,shoulder_pan_joint;shoulder_lift_joint;elbow_joint;wrist_1_joint;wrist_2_joint;wrist_3_joint,-0.9832422259;-1.8418555447;1.7713819151;-1.5003222726;-1.5707879848;-0.9832424684
0.31999999999999995,-0.21999999999999992,0.5,1,success,0.0,1.0,0.0,0.0,0.0,shoulder_pan_joint;shoulder_lift_joint;elbow_joint;wrist_1_joint;wrist_2_joint;wrist_3_joint,-3.3934891687;5.0131967843;-1.7920107212;4.6327955307;1.5707965098;-1.8226929846
0.31999999999999995,-0.1999999999999999,0.5,1,success,1.5707963267948966,0.7071067811865476,-0.7071067811865475,0.0,-0.0,shoulder_pan_joint;shoulder_lift_joint;elbow_joint;wrist_1_joint;wrist_2_joint;wrist_3_joint,5.3635492858;-1.8997894477;1.8107029099;-1.4817097893;-1.5707963290;-0.9196360217
0.31999999999999995,-0.17999999999999988,0.5,1,success,0.0,1.0,0.0,0.0,0.0,shoulder_pan_joint;shoulder_lift_joint;elbow_joint;wrist_1_joint;wrist_2_joint;wrist_3_joint,-3.2824261241;-1.2153803029;-1.8274754185;4.6136520476;1.5707963239;4.5715555107
0.31999999999999995,-0.15999999999999986,0.5,1,success,0.0,1.0,0.0,0.0,0.0,shoulder_pan_joint;shoulder_lift_joint;elbow_joint;wrist_1_joint;wrist_2_joint;wrist_3_joint,5.4377448396;-1.9506689953;1.8423557060;-1.4624830462;-1.5707963196;-2.4162367856
0.31999999999999995,-0.13999999999999985,0.5,1,success,0.0,1.0,0.0,0.0,0.0,shoulder_pan_joint;shoulder_lift_joint;elbow_joint;wrist_1_joint;wrist_2_joint;wrist_3_joint,3.1207472222;4.6403957669;-1.4651392937;-4.7460541275;-1.5707962904;1.5499509282
0.31999999999999995,-0.11999999999999983,0.5,1,success,0.0,1.0,0.0,0.0,0.0,shoulder_pan_joint;shoulder_lift_joint;elbow_joint;wrist_1_joint;wrist_2_joint;wrist_3_joint,-3.0996845516;5.1344246368;-1.8665621432;-1.6970684571;1.5708040204;-1.5288899743
0.31999999999999995,-0.09999999999999981,0.5,1,success,0.0,1.0,0.0,0.0,0.0,shoulder_pan_joint;shoulder_lift_joint;elbow_joint;wrist_1_joint;wrist_2_joint;wrist_3_joint,-0.7117852080;-2.0100956959;1.8759512476;-1.4366518788;-1.5707963279;4.0006037721
0.31999999999999995,-0.0799999999999998,0.5,1,success,0.0,1.0,0.0,0.0,0.0,shoulder_pan_joint;shoulder_lift_joint;elbow_joint;wrist_1_joint;wrist_2_joint;wrist_3_joint,-2.9705492914;-1.1170423305;-1.8835773693;4.5714160248;1.5707963093;4.8834323444
0.31999999999999995,-0.059999999999999776,0.5,1,success,0.0,1.0,0.0,0.0,0.0,shoulder_pan_joint;shoulder_lift_joint;elbow_joint;wrist_1_joint;wrist_2_joint;wrist_3_joint,-2.9051122964;-1.1055851412;-1.8894697840;4.5658483732;1.5707926750;-1.3343143715
0.31999999999999995,-0.03999999999999976,0.5,1,success,0.0,1.0,0.0,0.0,0.0,shoulder_pan_joint;shoulder_lift_joint;elbow_joint;wrist_1_joint;wrist_2_joint;wrist_3_joint,-0.5504811289;4.7155372621;1.5367857312;-4.6815262447;-4.7123872877;1.0203157276
0.31999999999999995,-0.01999999999999974,0.5,1,success,1.5707963267948966,0.7071067811865476,-0.7071067811865475,0.0,-0.0,shoulder_pan_joint;shoulder_lift_joint;elbow_joint;wrist_1_joint;wrist_2_joint;wrist_3_joint,-0.4911896542;-2.0493405602;1.8961662456;-1.4176217555;-1.5707969355;-0.4911893034
0.31999999999999995,2.7755575615628914e-16,0.5,1,success,0.0,1.0,0.0,0.0,0.0,shoulder_pan_joint;shoulder_lift_joint;elbow_joint;wrist_1_joint;wrist_2_joint;wrist_3_joint,-2.7119318059;-1.5675046346;-1.5432256415;-4.7432513588;4.7123889808;-4.2827281308
0.31999999999999995,0.020000000000000295,0.5,1,success,0.0,1.0,0.0,0.0,0.0,shoulder_pan_joint;shoulder_lift_joint;elbow_joint;wrist_1_joint;wrist_2_joint;wrist_3_joint,-0.3663498903;4.2338455290;1.8961619125;4.8655668459;4.7123889805;4.3460390899
0.31999999999999995,0.04000000000000031,0.5,1,success,1.5707963267948966,0.7071067811865476,-0.7071067811865475,0.0,-0.0,shoulder_pan_joint;shoulder_lift_joint;elbow_joint;wrist_1_joint;wrist_2_joint;wrist_3_joint,-0.3017703497;-2.0443089308;1.8936583700;-1.4201457675;-1.5707963265;-0.3017703495
0.31999999999999995,0.06000000000000033,0.5,1,success,0.0,1.0,0.0,0.0,0.0,shoulder_pan_joint;shoulder_lift_joint;elbow_joint;wrist_1_joint;wrist_2_joint;wrist_3_joint,-0.2364787444;4.2471788573;1.8894706316;-1.4242604926;4.7123889952;-1.8072750828
0.31999999999999995,0.08000000000000035,0.5,1,success,0.0,1.0,0.0,0.0,0.0,shoulder_pan_joint;shoulder_lift_joint;elbow_joint;wrist_1_joint;wrist_2_joint;wrist_3_joint,-2.4805916245;-1.5929239907;-1.5175465114;1.5396731383;-1.5707960942;2.2317978850
0.31999999999999995,0.10000000000000037,0.5,1,success,1.5707963267948966,0.7071067811865476,-0.7071067811865475,0.0,-0.0,shoulder_pan_joint;shoulder_lift_joint;elbow_joint;wrist_1_joint;wrist_2_joint;wrist_3_joint,-0.1060154424;-2.0100959258;1.8759514325;-1.4366518336;-1.5707963240;-0.1060154426
0.31999999999999995,0.12000000000000038,0.5,1,success,0.0,1.0,0.0,0.0,0.0,shoulder_pan_joint;shoulder_lift_joint;elbow_joint;wrist_1_joint;wrist_2_joint;wrist_3_joint,-2.3821473596;5.1344191032;-1.8665610318;-1.6970617444;1.5707963266;-0.8113510326
0.31999999999999995,0.1400000000000004,0.5,1,success,1.5707963267948966,0.7071067811865476,-0.7071067811865475,0.0,-0.0,shoulder_pan_joint;shoulder_lift_joint;elbow_joint;wrist_1_joint;wrist_2_joint;wrist_3_joint,-2.3376160272;5.1145394531;-1.8553735511;-1.6883695693;-4.7123870061;-5.4792086725
0.31999999999999995,0.16000000000000042,0.5,1,success,0.0,1.0,0.0,0.0,0.0,shoulder_pan_joint;shoulder_lift_joint;elbow_joint;wrist_1_joint;wrist_2_joint;wrist_3_joint,0.0818547618;-1.9506689903;1.8423556997;-1.4624830363;4.7123889802;4.7942437420
0.31999999999999995,0.18000000000000044,0.5,0,no_ik_solution,nan,,,,,,
0.31999999999999995,0.20000000000000046,0.5,1,success,0.0,1.0,0.0,0.0,0.0,shoulder_pan_joint;shoulder_lift_joint;elbow_joint;wrist_1_joint;wrist_2_joint;wrist_3_joint,0.1975628075;-1.8997901598;1.8107032009;4.8014761028;4.7123903207;-1.3732336136
0.31999999999999995,0.22000000000000047,0.5,1,success,0.0,1.0,0.0,0.0,0.0,shoulder_pan_joint;shoulder_lift_joint;elbow_joint;wrist_1_joint;wrist_2_joint;wrist_3_joint,-2.1889144163;-1.2699882552;-1.7920109321;4.6327955138;1.5707963282;5.6650672179
0.31999999999999995,0.2400000000000005,0.5,1,success,-1.5707963267948966,0.7071067811865476,0.7071067811865475,0.0,0.0,shoulder_pan_joint;shoulder_lift_joint;elbow_joint;wrist_1_joint;wrist_2_joint;wrist_3_joint,-5.9794322532;-1.8418518259;1.7713776999;-1.5003223740;4.7123890285;3.4453457103
0.31999999999999995,0.2600000000000005,0.5,1,success,1.5707963267948966,0.7071067811865476,-0.7071067811865475,0.0,-0.0,shoulder_pan_joint;shoulder_lift_joint;elbow_joint;wrist_1_joint;wrist_2_joint;wrist_3_joint,-5.9300831275;-1.3371919637;1.2768708121;-4.6520678634;-4.7123889626;3.4946948323
0.31999999999999995,0.2800000000000005,0.5,1,success,1.5707963267948966,0.7071067811865476,-0.7071067811865475,0.0,-0.0,shoulder_pan_joint;shoulder_lift_joint;elbow_joint;wrist_1_joint;wrist_2_joint;wrist_3_joint,-2.1038910018;4.9198856763;-1.7241708056;-1.6249182790;-4.7123889356;1.0377017006
0.31999999999999995,0.30000000000000054,0.5,1,success,0.0,1.0,0.0,0.0,0.0,shoulder_pan_joint;shoulder_lift_joint;elbow_joint;wrist_1_joint;wrist_2_joint;wrist_3_joint,-5.8388153691;4.5383976823;1.6975574362;-1.5235661385;4.7123889800;-1.1264263890
0.33999999999999997,-0.3,0.5,1,success,0.0,1.0,0.0,0.0,0.0,shoulder_pan_joint;shoulder_lift_joint;elbow_joint;wrist_1_joint;wrist_2_joint;wrist_3_joint,-3.5661832634;4.3701720651;-1.1347536029;1.4769707269;4.7123888771;1.1462058593
0.33999999999999997,-0.27999999999999997,0.5,1,success,0.0,1.0,0.0,0.0,0.0,shoulder_pan_joint;shoulder_lift_joint;elbow_joint;wrist_1_joint;wrist_2_joint;wrist_3_joint,2.7601291535;-1.4013288774;-1.6938741718;4.6659986351;-4.7123892392;4.3309257396
0.33999999999999997,-0.25999999999999995,0.5,1,success,1.5707963267948966,0.7071067811865476,-0.7071067811865475,0.0,-0.0,shoulder_pan_joint;shoulder_lift_joint;elbow_joint;wrist_1_joint;wrist_2_joint;wrist_3_joint,-0.9695490844;-1.7712553513;1.7186826889;-1.5182236647;-1.5707963284;-0.9695490846
0.33999999999999997,-0.23999999999999994,0.5,1,success,0.0,1.0,0.0,0.0,0.0,shoulder_pan_joint;shoulder_lift_joint;elbow_joint;wrist_1_joint;wrist_2_joint;wrist_3_joint,2.8529753240;-1.8144299978;-1.2642676150;1.5079012841;4.7123890608;1.2821789989
0.33999999999999997,-0.21999999999999992,0.5,1,success,0.0,1.0,0.0,0.0,0.0,shoulder_pan_joint;shoulder_lift_joint;elbow_joint;wrist_1_joint;wrist_2_joint;wrist_3_joint,-3.3804826775;-1.3123496357;-1.7623521430;4.6454981077;1.5707963267;-1.8096863503
0.33999999999999997,-0.1999999999999999,0.5,1,success,0.0,1.0,0.0,0.0,0.0,shoulder_pan_joint;shoulder_lift_joint;elbow_joint;wrist_1_joint;wrist_2_joint;wrist_3_joint,2.9545840971;4.9975340499;-1.7812643710;-1.6454734353;-4.7123892891;4.5253804715
0.33999999999999997,-0.17999999999999988,0.5,1,success,0.0,1.0,0.0,0.0,0.0,shoulder_pan_joint;shoulder_lift_joint;elbow_joint;wrist_1_joint;wrist_2_joint;wrist_3_joint,-3.2746580567;-1.2607061553;-1.7982584254;4.6297609199;1.5707963041;4.5793235764
0.33999999999999997,-0.15999999999999986,0.5,1,success,0.0,1.0,0.0,0.0,0.0,shoulder_pan_joint;shoulder_lift_joint;elbow_joint;wrist_1_joint;wrist_2_joint;wrist_3_joint,-3.2187971427;5.0454940944;-1.8133608295;4.6218483767;-4.7123890019;-1.6480008183
0.33999999999999997,-0.13999999999999985,0.5,1,success,0.0,1.0,0.0,0.0,0.0,shoulder_pan_joint;shoulder_lift_joint;elbow_joint;wrist_1_joint;wrist_2_joint;wrist_3_joint,-3.1612204820;5.0663910752;-1.8265962325;-1.6689985157;1.5707963266;-1.5904241550
0.33999999999999997,-0.11999999999999983,0.5,1,success,0.0,1.0,0.0,0.0,0.0,shoulder_pan_joint;shoulder_lift_joint;elbow_joint;wrist_1_joint;wrist_2_joint;wrist_3_joint,-0.7179950479;-1.4699998397;1.4336563607;-4.6760454513;-4.7123888165;-5.4303840248
0.33999999999999997,-0.09999999999999981,0.5,0,no_ik_solution,nan,,,,,,
0.33999999999999997,-0.0799999999999998,0.5,1,success,0.0,1.0,0.0,0.0,0.0,shoulder_pan_joint;shoulder_lift_joint;elbow_joint;wrist_1_joint;wrist_2_joint;wrist_3_joint,-2.9811209555;5.1145508030;-1.8553828923;4.5948183234;-4.7123885232;-1.4103245693
0.33999999999999997,-0.059999999999999776,0.5,1,success,0.0,1.0,0.0,0.0,0.0,shoulder_pan_joint;shoulder_lift_joint;elbow_joint;wrist_1_joint;wrist_2_joint;wrist_3_joint,-2.9198723431;-1.6324706396;-1.4762042383;-4.7453067583;4.7123889808;-4.4906686696
0.33999999999999997,-0.03999999999999976,0.5,1,success,0.0,1.0,0.0,0.0,0.0,shoulder_pan_joint;shoulder_lift_joint;elbow_joint;wrist_1_joint;wrist_2_joint;wrist_3_joint,5.7661268609;4.2919072365;1.8657037359;4.8379643674;4.7123909645;-2.0878586670
0.33999999999999997,-0.01999999999999974,0.5,1,success,0.0,1.0,0.0,0.0,0.0,shoulder_pan_joint;shoulder_lift_joint;elbow_joint;wrist_1_joint;wrist_2_joint;wrist_3_joint,5.8222962691;-1.5210777627;1.4888815369;1.6029925514;-4.7123889816;-5.1732780178
0.33999999999999997,2.7755575615628914e-16,0.5,1,success,0.0,1.0,0.0,0.0,0.0,shoulder_pan_joint;shoulder_lift_joint;elbow_joint;wrist_1_joint;wrist_2_joint;wrist_3_joint,5.8803161915;4.7605986624;1.4904697023;-4.6802689997;-4.7123869421;-5.1152551764
0.33999999999999997,0.020000000000000295,0.5,1,success,0.0,1.0,0.0,0.0,0.0,shoulder_pan_joint;shoulder_lift_joint;elbow_joint;wrist_1_joint;wrist_2_joint;wrist_3_joint,-2.6807036160;5.1375275821;-1.8682737415;4.5847277940;1.5707963277;5.1732780184
0.33999999999999997,0.04000000000000031,0.5,1,success,0.0,1.0,0.0,0.0,0.0,shoulder_pan_joint;shoulder_lift_joint;elbow_joint;wrist_1_joint;wrist_2_joint;wrist_3_joint,-2.6245326386;-1.1503153320;-1.8657038058;-1.6963698423;1.5707963263;-1.0537363117
0.33999999999999997,0.06000000000000033,0.5,1,success,0.0,1.0,0.0,0.0,0.0,shoulder_pan_joint;shoulder_lift_joint;elbow_joint;wrist_1_joint;wrist_2_joint;wrist_3_joint,-2.5705279753;5.1251746423;-1.8614091640;4.5902161282;1.5707963827;5.2834536587
0.33999999999999997,0.08000000000000035,0.5,1,success,0.0,1.0,0.0,0.0,0.0,shoulder_pan_joint;shoulder_lift_joint;elbow_joint;wrist_1_joint;wrist_2_joint;wrist_3_joint,-0.1604758018;4.3102392109;1.8553735882;-1.4532238201;-1.5707963244;-1.7312721285
0.33999999999999997,0.10000000000000037,0.5,1,success,0.0,1.0,0.0,0.0,0.0,shoulder_pan_joint;shoulder_lift_joint;elbow_joint;wrist_1_joint;wrist_2_joint;wrist_3_joint,-2.4699268619;5.1010914731;-1.8475761159;4.6004668461;-4.7123894995;5.3840531062
0.33999999999999997,0.12000000000000038,0.5,0,no_ik_solution,nan,,,,,,
0.33999999999999997,0.1400000000000004,0.5,1,success,1.5707963267948966,0.7071067811865476,-0.7071067811865475,0.0,-0.0,shoulder_pan_joint;shoulder_lift_joint;elbow_joint;wrist_1_joint;wrist_2_joint;wrist_3_joint,0.0196286828;-1.9248000751;1.8265976386;-1.4725938990;-1.5707963357;0.0196286825
0.33999999999999997,0.16000000000000042,0.5,1,success,0.0,1.0,0.0,0.0,0.0,shoulder_pan_joint;shoulder_lift_joint;elbow_joint;wrist_1_joint;wrist_2_joint;wrist_3_joint,-2.3391201829;5.0454915148;-1.8133665271;-1.6613277468;1.5707973751;-0.7683237237
0.33999999999999997,0.18000000000000044,0.5,1,success,0.0,1.0,0.0,0.0,0.0,shoulder_pan_joint;shoulder_lift_joint;elbow_joint;wrist_1_joint;wrist_2_joint;wrist_3_joint,0.1330653126;-1.8808864402;1.7982581881;4.7950174317;-1.5707966869;4.8454543051
0.33999999999999997,0.20000000000000046,0.5,1,success,-1.5707963267948966,0.7071067811865476,0.7071067811865475,0.0,0.0,shoulder_pan_joint;shoulder_lift_joint;elbow_joint;wrist_1_joint;wrist_2_joint;wrist_3_joint,-2.2651531320;-1.2856518525;-1.7812639251;4.6377121382;-4.7123889831;4.0180321751
0.33999999999999997,0.22000000000000047,0.5,1,success,-1.5707963267948966,0.7071067811865476,0.7071067811865475,0.0,0.0,shoulder_pan_joint;shoulder_lift_joint;elbow_joint;wrist_1_joint;wrist_2_joint;wrist_3_joint,0.2388900656;4.9269993303;1.3004464539;-4.6566494488;1.5707963118;-6.0442952428
0.33999999999999997,0.2400000000000005,0.5,1,success,0.0,1.0,0.0,0.0,0.0,shoulder_pan_joint;shoulder_lift_joint;elbow_joint;wrist_1_joint;wrist_2_joint;wrist_3_joint,-2.2008831568;4.9425558589;-1.7415000889;-1.6302593471;-4.7123896491;-0.6300868972
0.33999999999999997,0.2600000000000005,0.5,1,success,0.0,1.0,0.0,0.0,0.0,shoulder_pan_joint;shoulder_lift_joint;elbow_joint;wrist_1_joint;wrist_2_joint;wrist_3_joint,-2.1720417406;4.9128517005;-1.7186840190;4.6598139626;1.5707954335;-0.6012454207
0.33999999999999997,0.2800000000000005,0.5,1,success,0.0,1.0,0.0,0.0,0.0,shoulder_pan_joint;shoulder_lift_joint;elbow_joint;wrist_1_joint;wrist_2_joint;wrist_3_joint,-5.9017247485;5.0198159252;1.1816231812;-4.6306427808;-4.7123889773;-4.3309284215
0.33999999999999997,0.30000000000000054,0.5,0,no_ik_solution,nan,,,,,,
0.35999999999999993,-0.3,0.5,1,success,1.5707963267948966,0.7071067811865476,-0.7071067811865475,0.0,-0.0,shoulder_pan_joint;shoulder_lift_joint;elbow_joint;wrist_1_joint;wrist_2_joint;wrist_3_joint,-0.9831779126;-1.6706947970;1.6344364702;-1.5345379503;-1.5707969270;-0.9831778491
0.35999999999999993,-0.27999999999999997,0.5,1,success,0.0,1.0,0.0,0.0,0.0,shoulder_pan_joint;shoulder_lift_joint;elbow_joint;wrist_1_joint;wrist_2_joint;wrist_3_joint,-0.9576543416;4.5815923805;1.6614747390;4.7525021649;4.7123888060;-2.5284508711
0.35999999999999993,-0.25999999999999995,0.5,1,success,0.0,1.0,0.0,0.0,0.0,shoulder_pan_joint;shoulder_lift_joint;elbow_joint;wrist_1_joint;wrist_2_joint;wrist_3_joint,-3.4622023233;4.3953164442;-1.1687518778;1.4858250423;4.7123833335;1.2501888686
0.35999999999999993,-0.23999999999999994,0.5,1,success,0.0,1.0,0.0,0.0,0.0,shoulder_pan_joint;shoulder_lift_joint;elbow_joint;wrist_1_joint;wrist_2_joint;wrist_3_joint,5.3819975231;-1.7596514533;1.7095125535;-1.5206573681;-1.5707967577;-2.4719840554
0.35999999999999993,-0.21999999999999992,0.5,1,success,0.0,1.0,0.0,0.0,0.0,shoulder_pan_joint;shoulder_lift_joint;elbow_joint;wrist_1_joint;wrist_2_joint;wrist_3_joint,-0.8700085462;-1.7865755724;1.7305651066;4.7683994500;4.7123889586;3.8423804466
0.35999999999999993,-0.1999999999999999,0.5,1,success,1.5707963267948966,0.7071067811865476,-0.7071067811865475,0.0,-0.0,shoulder_pan_joint;shoulder_lift_joint;elbow_joint;wrist_1_joint;wrist_2_joint;wrist_3_joint,-0.8367158672;-1.8119152851;1.7496755672;-1.5085566090;-1.5707963266;-0.8367158675
0.35999999999999993,-0.17999999999999988,0.5,1,success,1.5707963267948966,0.7071067811865476,-0.7071067811865475,0.0,-0.0,shoulder_pan_joint;shoulder_lift_joint;elbow_joint;wrist_1_joint;wrist_2_joint;wrist_3_joint,-0.8012083852;-1.8355206335;1.7668664719;-1.5021421653;-1.5707963266;-0.8012083854
0.35999999999999993,-0.15999999999999986,0.5,1,success,1.5707963267948966,0.7071067811865476,-0.7071067811865475,0.0,-0.0,shoulder_pan_joint;shoulder_lift_joint;elbow_joint;wrist_1_joint;wrist_2_joint;wrist_3_joint,-0.7634022523;-1.8572343206;1.7821611506;-1.4957231583;-1.5707963196;-0.7634022499
0.35999999999999993,-0.13999999999999985,0.5,1,success,0.0,1.0,0.0,0.0,0.0,shoulder_pan_joint;shoulder_lift_joint;elbow_joint;wrist_1_joint;wrist_2_joint;wrist_3_joint,-0.7232372591;4.4062903069;1.7955828134;4.7937011410;-1.5707961651;-2.2940335742
0.35999999999999993,-0.11999999999999983,0.5,1,success,0.0,1.0,0.0,0.0,0.0,shoulder_pan_joint;shoulder_lift_joint;elbow_joint;wrist_1_joint;wrist_2_joint;wrist_3_joint,-0.6806840930;4.8615308224;1.3787601858;-4.6694953852;1.5707974904;0.8901121631
0.35999999999999993,-0.09999999999999981,0.5,1,success,0.0,1.0,0.0,0.0,0.0,shoulder_pan_joint;shoulder_lift_joint;elbow_joint;wrist_1_joint;wrist_2_joint;wrist_3_joint,3.2354535693;5.0510105650;-1.8168989347;4.6198699946;1.5707963416;4.8062498192
0.35999999999999993,-0.0799999999999998,0.5,1,success,0.0,1.0,0.0,0.0,0.0,shoulder_pan_joint;shoulder_lift_joint;elbow_joint;wrist_1_joint;wrist_2_joint;wrist_3_joint,-2.9904278566;4.5905725932;-1.4100883419;1.5319047353;4.7123890312;-4.5612241843
0.35999999999999993,-0.059999999999999776,0.5,1,success,1.5707963267948966,0.7071067811865476,-0.7071067811865475,0.0,-0.0,shoulder_pan_joint;shoulder_lift_joint;elbow_joint;wrist_1_joint;wrist_2_joint;wrist_3_joint,-0.5390390099;-1.9318948970;1.8309879843;-1.4698894137;-1.5707963264;-0.5390390103
0.35999999999999993,-0.03999999999999976,0.5,1,success,0.0,1.0,0.0,0.0,0.0,shoulder_pan_joint;shoulder_lift_joint;elbow_joint;wrist_1_joint;wrist_2_joint;wrist_3_joint,-0.4875284329;4.8174323120;1.4289201090;1.6076292132;-4.7123889793;-5.1999174124
0.35999999999999993,-0.01999999999999974,0.5,1,success,0.0,1.0,0.0,0.0,0.0,shoulder_pan_joint;shoulder_lift_joint;elbow_joint;wrist_1_joint;wrist_2_joint;wrist_3_joint,5.8489924105;4.8131910142;1.4336339221;-4.6760286094;1.5707963266;1.1366034303
0.35999999999999993,2.7755575615628914e-16,0.5,1,success,0.0,1.0,0.0,0.0,0.0,shoulder_pan_joint;shoulder_lift_joint;elbow_joint;wrist_1_joint;wrist_2_joint;wrist_3_joint,-0.3793080358;4.8117728151;1.4352057887;-4.6761822770;1.5707963265;-5.0916970159
0.35999999999999993,0.020000000000000295,0.5,1,success,0.0,1.0,0.0,0.0,0.0,shoulder_pan_joint;shoulder_lift_joint;elbow_joint;wrist_1_joint;wrist_2_joint;wrist_3_joint,3.5757855525;-1.6715983594;-1.4336339241;1.5344359564;-1.5707963250;-4.2781960817
0.35999999999999993,0.04000000000000031,0.5,1,success,0.0,1.0,0.0,0.0,0.0,shoulder_pan_joint;shoulder_lift_joint;elbow_joint;wrist_1_joint;wrist_2_joint;wrist_3_joint,-0.2662373999;4.3441042474;1.8353851998;-1.4670995016;4.7123874424;-1.8370337046
0.35999999999999993,0.06000000000000033,0.5,1,success,0.0,1.0,0.0,0.0,0.0,shoulder_pan_joint;shoulder_lift_joint;elbow_joint;wrist_1_joint;wrist_2_joint;wrist_3_joint,-2.6025536315;5.0734875574;-1.8309879924;-1.6717032369;-4.7123889789;5.2514280028
0.35999999999999993,0.08000000000000035,0.5,1,success,1.5707963267948966,0.7071067811865476,-0.7071067811865475,0.0,-0.0,shoulder_pan_joint;shoulder_lift_joint;elbow_joint;wrist_1_joint;wrist_2_joint;wrist_3_joint,3.7300978440;5.0635701521;-1.8248472747;-1.6679260853;1.5707956728;-5.6946832600
0.35999999999999993,0.10000000000000037,0.5,1,success,0.0,1.0,0.0,0.0,0.0,shoulder_pan_joint;shoulder_lift_joint;elbow_joint;wrist_1_joint;wrist_2_joint;wrist_3_joint,3.7773468303;-1.2321731428;-1.8169000286;4.6198701664;1.5707966254;-0.9350420971
0.35999999999999993,0.12000000000000038,0.5,1,success,3.141592653589793,-6.123233995736766e-17,1.0,0.0,0.0,shoulder_pan_joint;shoulder_lift_joint;elbow_joint;wrist_1_joint;wrist_2_joint;wrist_3_joint,3.8222807041;4.5632677127;-1.3787845034;1.5279057742;-1.5707933080;5.3930770296
0.35999999999999993,0.1400000000000004,0.5,1,success,0.0,1.0,0.0,0.0,0.0,shoulder_pan_joint;shoulder_lift_joint;elbow_joint;wrist_1_joint;wrist_2_joint;wrist_3_joint,3.8648299304;5.0184875827;-1.7955827709;4.6310768223;1.5707963266;5.4356262574
0.35999999999999993,0.16000000000000042,0.5,1,success,0.0,1.0,0.0,0.0,0.0,shoulder_pan_joint;shoulder_lift_joint;elbow_joint;wrist_1_joint;wrist_2_joint;wrist_3_joint,-2.3781904022;4.9988269597;-1.7821611401;4.6373158146;1.5707963266;5.4757912320
0.35999999999999993,0.18000000000000044,0.5,1,success,1.5707963267948966,0.7071067811865476,-0.7071067811865475,0.0,-0.0,shoulder_pan_joint;shoulder_lift_joint;elbow_joint;wrist_1_joint;wrist_2_joint;wrist_3_joint,0.1260868285;-1.8355206703;1.7668664979;-1.5021421533;-1.5707963167;0.1260868272
0.35999999999999993,0.20000000000000046,0.5,1,success,0.0,1.0,0.0,0.0,0.0,shoulder_pan_joint;shoulder_lift_joint;elbow_joint;wrist_1_joint;wrist_2_joint;wrist_3_joint,-2.3048765944;-1.3296773157;-1.7496758551;-1.6330358109;1.5707963270;-0.7340802674
0.35999999999999993,0.22000000000000047,0.5,1,success,0.0,1.0,0.0,0.0,0.0,shoulder_pan_joint;shoulder_lift_joint;elbow_joint;wrist_1_joint;wrist_2_joint;wrist_3_joint,-2.2715841017;4.9281682137;-1.7305651120;-1.6268067728;-4.7123889801;-0.7007877741
0.35999999999999993,0.2400000000000005,0.5,1,success,0.0,1.0,0.0,0.0,0.0,shoulder_pan_joint;shoulder_lift_joint;elbow_joint;wrist_1_joint;wrist_2_joint;wrist_3_joint,4.0427801131;4.9012447078;-1.7095106349;4.6622467831;-4.7123881031;-0.6696151625
0.35999999999999993,0.2600000000000005,0.5,1,success,0.0,1.0,0.0,0.0,0.0,shoulder_pan_joint;shoulder_lift_joint;elbow_joint;wrist_1_joint;wrist_2_joint;wrist_3_joint,0.3206073559;-1.7312809051;1.6864896297;-1.5260050503;4.7123889802;-1.2501889710
0.35999999999999993,0.2800000000000005,0.5,1,success,0.0,1.0,0.0,0.0,0.0,shoulder_pan_joint;shoulder_lift_joint;elbow_joint;wrist_1_joint;wrist_2_joint;wrist_3_joint,0.3644335240;-1.7015913119;1.6614731379;-1.5306781530;4.7123889808;5.0768225042
0.35999999999999993,0.30000000000000054,0.5,1,success,0.0,1.0,0.0,0.0,0.0,shoulder_pan_joint;shoulder_lift_joint;elbow_joint;wrist_1_joint;wrist_2_joint;wrist_3_joint,-2.1584162080;4.8122868092;-1.6344320110;4.6761268325;1.5707963389;-0.5876198829
0.3799999999999999,-0.3,0.5,1,success,1.5707963267948966,0.7071067811865476,-0.7071067811865475,0.0,-0.0,shoulder_pan_joint;shoulder_lift_joint;elbow_joint;wrist_1_joint;wrist_2_joint;wrist_3_joint,-0.9472208979;-1.6326025639;1.5996766325;-1.5378703956;-1.5707963270;-0.9472208981
0.3799999999999999,-0.27999999999999997,0.5,1,success,0.0,1.0,0.0,0.0,0.0,shoulder_pan_joint;shoulder_lift_joint;elbow_joint;wrist_1_joint;wrist_2_joint;wrist_3_joint,2.7928662733;4.8039302456;-1.6269414592;-1.6061924580;1.5707963267;-1.9195227067
0.3799999999999999,-0.25999999999999995,0.5,1,success,0.0,1.0,0.0,0.0,0.0,shoulder_pan_joint;shoulder_lift_joint;elbow_joint;wrist_1_joint;wrist_2_joint;wrist_3_joint,-3.4479289337;-1.4507655725;-1.6521691028;4.6737309961;-4.7123889808;-1.8771326067
0.3799999999999999,-0.23999999999999994,0.5,1,success,0.0,1.0,0.0,0.0,0.0,shoulder_pan_joint;shoulder_lift_joint;elbow_joint;wrist_1_joint;wrist_2_joint;wrist_3_joint,2.8793949103;-1.4236231739;-1.6753904700;-1.6133753467;1.5707964459;-1.8329940793
0.3799999999999999,-0.21999999999999992,0.5,0,no_ik_solution,nan,,,,,,
0.3799999999999999,-0.1999999999999999,0.5,1,success,0.0,1.0,0.0,0.0,0.0,shoulder_pan_joint;shoulder_lift_joint;elbow_joint;wrist_1_joint;wrist_2_joint;wrist_3_joint,2.9727495514;4.4341351460;-1.2199469448;1.4982007790;-1.5707963269;1.4019532244
0.3799999999999999,-0.17999999999999988,0.5,1,success,0.0,1.0,0.0,0.0,0.0,shoulder_pan_joint;shoulder_lift_joint;elbow_joint;wrist_1_joint;wrist_2_joint;wrist_3_joint,3.0218059866;-1.3514429178;-1.7333019421;4.6555411816;-4.7123889928;4.5926023155
0.3799999999999999,-0.15999999999999986,0.5,1,success,1.5707963267948966,0.7071067811865476,-0.7071067811865475,0.0,-0.0,shoulder_pan_joint;shoulder_lift_joint;elbow_joint;wrist_1_joint;wrist_2_joint;wrist_3_joint,-0.7277371318;-1.8106912679;1.7487680975;-1.5088731565;-1.5707963265;-0.7277371320
0.3799999999999999,-0.13999999999999985,0.5,1,success,0.0,1.0,0.0,0.0,0.0,shoulder_pan_joint;shoulder_lift_joint;elbow_joint;wrist_1_joint;wrist_2_joint;wrist_3_joint,3.1240170486;4.4977786870;-1.3004465579;-4.7681286336;-1.5707964068;-4.7299646155
0.3799999999999999,-0.11999999999999983,0.5,1,success,0.0,1.0,0.0,0.0,0.0,shoulder_pan_joint;shoulder_lift_joint;elbow_joint;wrist_1_joint;wrist_2_joint;wrist_3_joint,-3.1063897322;4.9872589339;-1.7740745805;4.6407972807;1.5707963266;4.7475919020
0.3799999999999999,-0.09999999999999981,0.5,1,success,0.0,1.0,0.0,0.0,0.0,shoulder_pan_joint;shoulder_lift_joint;elbow_joint;wrist_1_joint;wrist_2_joint;wrist_3_joint,3.2303773565;5.0014204358;-1.7839548134;4.6365160187;-4.7123889828;4.8011736792
0.3799999999999999,-0.0799999999999998,0.5,1,success,1.5707963267948966,0.7071067811865476,-0.7071067811865475,0.0,-0.0,shoulder_pan_joint;shoulder_lift_joint;elbow_joint;wrist_1_joint;wrist_2_joint;wrist_3_joint,-0.5578871068;-1.8716041556;1.7920107490;-1.4912029206;-1.5707963266;-0.5578871083
0.3799999999999999,-0.059999999999999776,0.5,1,success,3.141592653589793,-6.123233995736766e-17,1.0,0.0,0.0,shoulder_pan_joint;shoulder_lift_joint;elbow_joint;wrist_1_joint;wrist_2_joint;wrist_3_joint,3.3388247964;-1.7333349587;-1.3631081044;-4.7575385834;-1.5707963231;4.9096211427
0.3799999999999999,-0.03999999999999976,0.5,1,success,0.0,1.0,0.0,0.0,0.0,shoulder_pan_joint;shoulder_lift_joint;elbow_joint;wrist_1_joint;wrist_2_joint;wrist_3_joint,3.3930723000;4.5565273643;-1.3709332980;1.5267949144;-1.5707963266;1.8222759730
0.3799999999999999,-0.01999999999999974,0.5,1,success,0.0,1.0,0.0,0.0,0.0,shoulder_pan_joint;shoulder_lift_joint;elbow_joint;wrist_1_joint;wrist_2_joint;wrist_3_joint,-2.8362799840;5.0332259165;-1.8053792808;-1.6570500761;-4.7123894839;-1.2654836921
0.3799999999999999,2.7755575615628914e-16,0.5,1,success,0.0,1.0,0.0,0.0,0.0,shoulder_pan_joint;shoulder_lift_joint;elbow_joint;wrist_1_joint;wrist_2_joint;wrist_3_joint,5.9247790088;4.3902044758;1.8062822199;-1.4840977214;4.7123888805;4.3539826816
0.3799999999999999,0.020000000000000295,0.5,1,success,0.0,1.0,0.0,0.0,0.0,shoulder_pan_joint;shoulder_lift_joint;elbow_joint;wrist_1_joint;wrist_2_joint;wrist_3_joint,-2.7311132759;4.5605535626;-1.3756287138;1.5274641274;4.7123889871;1.9812757055
0.3799999999999999,0.04000000000000031,0.5,1,success,0.0,1.0,0.0,0.0,0.0,shoulder_pan_joint;shoulder_lift_joint;elbow_joint;wrist_1_joint;wrist_2_joint;wrist_3_joint,3.6028262208;5.0291775851;-1.8027107894;-1.6556704680;1.5707963444;5.1736225479
0.3799999999999999,0.06000000000000033,0.5,1,success,0.0,1.0,0.0,0.0,0.0,shoulder_pan_joint;shoulder_lift_joint;elbow_joint;wrist_1_joint;wrist_2_joint;wrist_3_joint,3.6520284402;-1.2607057322;-1.7982586168;-1.6534246340;-4.7123889857;5.2228247672
0.3799999999999999,0.08000000000000035,0.5,1,success,1.5707963267948966,0.7071067811865476,-0.7071067811865475,0.0,-0.0,shoulder_pan_joint;shoulder_lift_joint;elbow_joint;wrist_1_joint;wrist_2_joint;wrist_3_joint,-0.1428948298;-1.8716043710;1.7920107437;-1.4912024725;-1.5707956335;-0.1428949568
0.3799999999999999,0.10000000000000037,0.5,1,success,1.5707963267948966,0.7071067811865476,-0.7071067811865475,0.0,-0.0,shoulder_pan_joint;shoulder_lift_joint;elbow_joint;wrist_1_joint;wrist_2_joint;wrist_3_joint,-0.0887847398;-1.8598277970;1.7839548025;-1.4949232653;-1.5707963320;-0.0887847284
0.3799999999999999,0.12000000000000038,0.5,1,success,1.5707963267948966,0.7071067811865476,-0.7071067811865475,0.0,-0.0,shoulder_pan_joint;shoulder_lift_joint;elbow_joint;wrist_1_joint;wrist_2_joint;wrist_3_joint,-0.0352029208;-1.8456662804;1.7740745789;-1.4992046254;-1.5707963266;-0.0352029208
0.3799999999999999,0.1400000000000004,0.5,1,success,0.0,1.0,0.0,0.0,0.0,shoulder_pan_joint;shoulder_lift_joint;elbow_joint;wrist_1_joint;wrist_2_joint;wrist_3_joint,0.0175752257;-1.8292434303;1.7623522275;4.7792810041;4.7123899873;-1.5532214499
0.3799999999999999,0.16000000000000042,0.5,1,success,0.0,1.0,0.0,0.0,0.0,shoulder_pan_joint;shoulder_lift_joint;elbow_joint;wrist_1_joint;wrist_2_joint;wrist_3_joint,3.8693296953;4.9522839306;-1.7487681633;4.6504658627;-4.7123890485;-0.8430592828
0.3799999999999999,0.18000000000000044,0.5,1,success,1.5707963267948966,0.7071067811865476,-0.7071067811865475,0.0,-0.0,shoulder_pan_joint;shoulder_lift_joint;elbow_joint;wrist_1_joint;wrist_2_joint;wrist_3_joint,0.1197871178;-1.7901495118;1.7333030726;-1.5139499486;-1.5707962495;0.1197871430
0.3799999999999999,0.20000000000000046,0.5,1,success,0.0,1.0,0.0,0.0,0.0,shoulder_pan_joint;shoulder_lift_joint;elbow_joint;wrist_1_joint;wrist_2_joint;wrist_3_joint,3.9417054391;4.9093512965;-1.7159324152;-1.6226225939;-4.7123891394;-0.7706835064
0.3799999999999999,0.22000000000000047,0.5,1,success,0.0,1.0,0.0,0.0,0.0,shoulder_pan_joint;shoulder_lift_joint;elbow_joint;wrist_1_joint;wrist_2_joint;wrist_3_joint,3.9748371576;4.8852477657;-1.6966341405;4.6653644200;-4.7123830857;5.5456283993
0.3799999999999999,0.2400000000000005,0.5,1,success,0.0,1.0,0.0,0.0,0.0,shoulder_pan_joint;shoulder_lift_joint;elbow_joint;wrist_1_joint;wrist_2_joint;wrist_3_joint,-6.0209875898;-1.7179694311;1.6753904481;4.7549679627;-1.5707963267;-1.3085986097
0.3799999999999999,0.2600000000000005,0.5,1,success,1.5707963267948966,0.7071067811865476,-0.7071067811865475,0.0,-0.0,shoulder_pan_joint;shoulder_lift_joint;elbow_joint;wrist_1_joint;wrist_2_joint;wrist_3_joint,0.3063260254;-1.6908292865;1.6521917052;-1.5321565753;-1.5707964355;0.3063260682
0.3799999999999999,0.2800000000000005,0.5,1,success,0.0,1.0,0.0,0.0,0.0,shoulder_pan_joint;shoulder_lift_joint;elbow_joint;wrist_1_joint;wrist_2_joint;wrist_3_joint,0.3487268688;-1.6623373898;1.6269432406;-1.5354022668;-1.5707963503;-1.2220694721
0.3799999999999999,0.30000000000000054,0.5,1,success,1.5707963267948966,0.7071067811865476,-0.7071067811865475,0.0,-0.0,shoulder_pan_joint;shoulder_lift_joint;elbow_joint;wrist_1_joint;wrist_2_joint;wrist_3_joint,0.3893579101;-1.6326026343;1.5996759936;-1.5378696863;-1.5707963268;0.3893579099
0.3999999999999999,-0.3,0.5,1,success,0.0,1.0,0.0,0.0,0.0,shoulder_pan_joint;shoulder_lift_joint;elbow_joint;wrist_1_joint;wrist_2_joint;wrist_3_joint,-3.5152301380;4.7354643537;-1.5627265713;-1.6019414550;-4.7123889816;-1.9444338115
0.3999999999999999,-0.27999999999999997,0.5,1,success,0.0,1.0,0.0,0.0,0.0,shoulder_pan_joint;shoulder_lift_joint;elbow_joint;wrist_1_joint;wrist_2_joint;wrist_3_joint,-0.8872454671;-1.6225407446;1.5902331483;4.7446965762;4.7123889804;3.8251435131
0.3999999999999999,-0.25999999999999995,0.5,1,success,1.5707963267948966,0.7071067811865476,-0.7071067811865475,0.0,-0.0,shoulder_pan_joint;shoulder_lift_joint;elbow_joint;wrist_1_joint;wrist_2_joint;wrist_3_joint,-0.8595561919;-1.6499300358;1.6156805784;-1.5365468696;-1.5707963266;-0.8595561921
0.3999999999999999,-0.23999999999999994,0.5,1,success,1.5707963267948966,0.7071067811865476,-0.7071067811865475,0.0,-0.0,shoulder_pan_joint;shoulder_lift_joint;elbow_joint;wrist_1_joint;wrist_2_joint;wrist_3_joint,-0.8302184011;-1.6759525483;1.6391068216;-1.5339506004;-1.5707963266;-0.8302184013
0.3999999999999999,-0.21999999999999992,0.5,1,success,1.5707963267948966,0.7071067811865476,-0.7071067811865475,0.0,-0.0,shoulder_pan_joint;shoulder_lift_joint;elbow_joint;wrist_1_joint;wrist_2_joint;wrist_3_joint,-0.7991594217;-1.7005094013;1.6605436269;-1.5308305528;-1.5707963266;-0.7991594219
0.3999999999999999,-0.1999999999999999,0.5,1,success,0.0,1.0,0.0,0.0,0.0,shoulder_pan_joint;shoulder_lift_joint;elbow_joint;wrist_1_joint;wrist_2_joint;wrist_3_joint,-0.7663151588;-1.7234928090;1.6800191523;4.7558626225;-1.5707962426;3.9460738228
0.3999999999999999,-0.17999999999999988,0.5,1,success,0.0,1.0,0.0,0.0,0.0,shoulder_pan_joint;shoulder_lift_joint;elbow_joint;wrist_1_joint;wrist_2_joint;wrist_3_joint,-3.2556652435;4.4097957555;-1.1880329604;1.4906262153;-1.5707963533;-4.8264615638
0.3999999999999999,-0.15999999999999986,0.5,1,success,0.0,1.0,0.0,0.0,0.0,shoulder_pan_joint;shoulder_lift_joint;elbow_joint;wrist_1_joint;wrist_2_joint;wrist_3_joint,-0.6950840490;-1.7642756507;1.7131826238;4.7634820071;4.7123889727;-2.2658803760
0.3999999999999999,-0.13999999999999985,0.5,1,success,1.5707963267948966,0.7071067811865476,-0.7071067811865475,0.0,-0.0,shoulder_pan_joint;shoulder_lift_joint;elbow_joint;wrist_1_joint;wrist_2_joint;wrist_3_joint,-0.6566473520;-1.7818330007;1.7269128732;-1.5158766476;-1.5707964909;-0.6566474724
0.3999999999999999,-0.11999999999999983,0.5,1,success,1.5707963267948966,0.7071067811865476,-0.7071067811865475,0.0,-0.0,shoulder_pan_joint;shoulder_lift_joint;elbow_joint;wrist_1_joint;wrist_2_joint;wrist_3_joint,-0.6163360619;-1.7973431515;1.7387697959;-1.5122244884;-1.5707970225;-0.6163367028
0.3999999999999999,-0.09999999999999981,0.5,1,success,0.0,1.0,0.0,0.0,0.0,shoulder_pan_joint;shoulder_lift_joint;elbow_joint;wrist_1_joint;wrist_2_joint;wrist_3_joint,-3.0573577020;4.9522834330;-1.7487697194;4.6504681617;-4.7123889354;-1.4865613560
0.3999999999999999,-0.0799999999999998,0.5,1,success,0.0,1.0,0.0,0.0,0.0,shoulder_pan_joint;shoulder_lift_joint;elbow_joint;wrist_1_joint;wrist_2_joint;wrist_3_joint,5.7528968242;-1.8217725289;1.7569257943;4.7772357279;-1.5707963790;4.1821005183
0.3999999999999999,-0.059999999999999776,0.5,1,success,0.0,1.0,0.0,0.0,0.0,shoulder_pan_joint;shoulder_lift_joint;elbow_joint;wrist_1_joint;wrist_2_joint;wrist_3_joint,5.7984523230;4.9256990096;1.3020476736;1.6262358229;1.5707965979;-5.1971219543
0.3999999999999999,-0.03999999999999976,0.5,1,success,0.0,1.0,0.0,0.0,0.0,shoulder_pan_joint;shoulder_lift_joint;elbow_joint;wrist_1_joint;wrist_2_joint;wrist_3_joint,-2.9032661369;4.5054512311;-1.3098608217;-4.7663868482;4.7123900775;-4.4740623110
0.3999999999999999,-0.01999999999999974,0.5,1,success,0.0,1.0,0.0,0.0,0.0,shoulder_pan_joint;shoulder_lift_joint;elbow_joint;wrist_1_joint;wrist_2_joint;wrist_3_joint,-0.3892598560;4.4425929544;1.7704865703;-1.5006919258;-1.5708010414;4.3231287512
0.3999999999999999,2.7755575615628914e-16,0.5,1,success,1.5707963267948966,0.7071067811865476,-0.7071067811865475,0.0,-0.0,shoulder_pan_joint;shoulder_lift_joint;elbow_joint;wrist_1_joint;wrist_2_joint;wrist_3_joint,-0.3397485234;-1.8418468144;1.7713737102;-1.5003232227;-1.5707963266;-0.3397485236
0.3999999999999999,0.020000000000000295,0.5,1,success,0.0,1.0,0.0,0.0,0.0,shoulder_pan_joint;shoulder_lift_joint;elbow_joint;wrist_1_joint;wrist_2_joint;wrist_3_joint,-2.7523266729;4.9821703196;-1.7704729907;-1.6409009546;1.5707963529;-1.1815302554
0.3999999999999999,0.04000000000000031,0.5,1,success,0.0,1.0,0.0,0.0,0.0,shoulder_pan_joint;shoulder_lift_joint;elbow_joint;wrist_1_joint;wrist_2_joint;wrist_3_joint,-2.7039290595;4.9783746044;-1.7677684932;4.6433755233;-4.7123889807;-1.1331327326
0.3999999999999999,0.06000000000000033,0.5,1,success,0.0,1.0,0.0,0.0,0.0,shoulder_pan_joint;shoulder_lift_joint;elbow_joint;wrist_1_joint;wrist_2_joint;wrist_3_joint,-0.1869507738;4.9257237316;1.3020159974;1.6262419054;-4.7123889805;1.3838455533
0.3999999999999999,0.08000000000000035,0.5,1,success,1.5707963267948966,0.7071067811865476,-0.7071067811865475,0.0,-0.0,shoulder_pan_joint;shoulder_lift_joint;elbow_joint;wrist_1_joint;wrist_2_joint;wrist_3_joint,-0.1354974625;-1.3485625438;1.2910311335;1.6283365017;-4.7123883567;-3.2770897723
0.3999999999999999,0.10000000000000037,0.5,1,success,1.5707963267948966,0.7071067811865476,-0.7071067811865475,0.0,-0.0,shoulder_pan_joint;shoulder_lift_joint;elbow_joint;wrist_1_joint;wrist_2_joint;wrist_3_joint,3.7157850316;-1.3308998400;-1.7487697259;-1.6327188621;1.5707977706;0.5741925773
0.3999999999999999,0.12000000000000038,0.5,1,success,1.5707963267948966,0.7071067811865476,-0.7071067811865475,0.0,-0.0,shoulder_pan_joint;shoulder_lift_joint;elbow_joint;wrist_1_joint;wrist_2_joint;wrist_3_joint,-0.0334271173;-1.7973437501;1.7387763381;-1.5122278352;-1.5707968889;-0.0334262831
0.3999999999999999,0.1400000000000004,0.5,1,success,0.0,1.0,0.0,0.0,0.0,shoulder_pan_joint;shoulder_lift_joint;elbow_joint;wrist_1_joint;wrist_2_joint;wrist_3_joint,3.7982403321;4.9234255849;-1.7269126111;-1.6257166469;1.5707963268;5.3690366591
0.3999999999999999,0.16000000000000042,0.5,1,success,1.5707963267948966,0.7071067811865476,-0.7071067811865475,0.0,-0.0,shoulder_pan_joint;shoulder_lift_joint;elbow_joint;wrist_1_joint;wrist_2_joint;wrist_3_joint,0.0659287443;-1.7642747154;1.7131818188;-1.5197034303;-1.5707963264;0.0659287439
0.3999999999999999,0.18000000000000044,0.5,1,success,0.0,1.0,0.0,0.0,0.0,shoulder_pan_joint;shoulder_lift_joint;elbow_joint;wrist_1_joint;wrist_2_joint;wrist_3_joint,-2.4099573849;4.8863802780;-1.6975574359;4.6651587922;-4.7123889806;-0.8391610578
0.3999999999999999,0.20000000000000046,0.5,1,success,1.5707963267948966,0.7071067811865476,-0.7071067811865475,0.0,-0.0,shoulder_pan_joint;shoulder_lift_joint;elbow_joint;wrist_1_joint;wrist_2_joint;wrist_3_joint,0.1609797419;-1.7234927251;1.6800188833;-1.5273224853;-1.5707963266;0.1609797417
0.3999999999999999,0.22000000000000047,0.5,1,success,1.5707963267948966,0.7071067811865476,-0.7071067811865475,0.0,-0.0,shoulder_pan_joint;shoulder_lift_joint;elbow_joint;wrist_1_joint;wrist_2_joint;wrist_3_joint,0.2065270407;-1.7005095205;1.6605437398;-1.5308305491;-1.5707962639;0.2065270416
0.3999999999999999,0.2400000000000005,0.5,1,success,1.5707963267948966,0.7071067811865476,-0.7071067811865475,0.0,-0.0,shoulder_pan_joint;shoulder_lift_joint;elbow_joint;wrist_1_joint;wrist_2_joint;wrist_3_joint,0.2506205985;-1.6759525457;1.6391068179;-1.5339505988;-1.5707963216;0.2506205979
0.3999999999999999,0.2600000000000005,0.5,1,success,0.0,1.0,0.0,0.0,0.0,shoulder_pan_joint;shoulder_lift_joint;elbow_joint;wrist_1_joint;wrist_2_joint;wrist_3_joint,0.2931942490;-1.6499300307;1.6156805735;4.7466384373;-1.5707963266;5.0055832292
0.3999999999999999,0.2800000000000005,0.5,1,success,0.0,1.0,0.0,0.0,0.0,shoulder_pan_joint;shoulder_lift_joint;elbow_joint;wrist_1_joint;wrist_2_joint;wrist_3_joint,-2.2543471792;4.7641331802;-1.5902329336;-1.6031039196;-4.7123889805;5.5996344550
0.3999999999999999,0.30000000000000054,0.5,1,success,1.5707963267948966,0.7071067811865476,-0.7071067811865475,0.0,-0.0,shoulder_pan_joint;shoulder_lift_joint;elbow_joint;wrist_1_joint;wrist_2_joint;wrist_3_joint,0.3736380472;-1.5938715795;1.5627304558;-1.5396552022;-1.5707963264;0.3736380470
0.41999999999999993,-0.3,0.5,1,success,0.0,1.0,0.0,0.0,0.0,shoulder_pan_joint;shoulder_lift_joint;elbow_joint;wrist_1_joint;wrist_2_joint;wrist_3_joint,-3.5006181547;-1.5870736368;-1.5235278769;4.6813978686;-4.7123889768;4.3533634865
0.41999999999999993,-0.27999999999999997,0.5,1,success,0.0,1.0,0.0,0.0,0.0,shoulder_pan_joint;shoulder_lift_joint;elbow_joint;wrist_1_joint;wrist_2_joint;wrist_3_joint,2.8208367184;-1.5593721694;-1.5512933335;4.6814618591;-4.7123890505;4.3916330380
0.41999999999999993,-0.25999999999999995,0.5,1,success,1.5707963267948966,0.7071067811865476,-0.7071067811865475,0.0,-0.0,shoulder_pan_joint;shoulder_lift_joint;elbow_joint;wrist_1_joint;wrist_2_joint;wrist_3_joint,-0.8275536454;-1.6086085152;1.5769812709;-1.5391690736;-1.5707964687;-0.8275536306
0.41999999999999993,-0.23999999999999994,0.5,1,success,0.0,1.0,0.0,0.0,0.0,shoulder_pan_joint;shoulder_lift_joint;elbow_joint;wrist_1_joint;wrist_2_joint;wrist_3_joint,-3.3815627605;-1.9970538451;-1.0163737771;-4.8405540072;-1.5707963138;1.3308262188
0.41999999999999993,-0.21999999999999992,0.5,1,success,0.0,1.0,0.0,0.0,0.0,shoulder_pan_joint;shoulder_lift_joint;elbow_joint;wrist_1_joint;wrist_2_joint;wrist_3_joint,-3.3391181451;-1.9699067550;-1.0554066392;1.4545167966;4.7123874876;1.3732705568
0.41999999999999993,-0.1999999999999999,0.5,1,success,0.0,1.0,0.0,0.0,0.0,shoulder_pan_joint;shoulder_lift_joint;elbow_joint;wrist_1_joint;wrist_2_joint;wrist_3_joint,-3.2953840683;4.8207147669;-1.6419158424;4.6751830717;-4.7123885573;-1.7245876666
0.41999999999999993,-0.17999999999999988,0.5,1,success,0.0,1.0,0.0,0.0,0.0,shoulder_pan_joint;shoulder_lift_joint;elbow_joint;wrist_1_joint;wrist_2_joint;wrist_3_joint,3.0327244871;-1.9225414972;-1.1216984363;1.4734436055;-1.5707963268;1.4619281601
0.41999999999999993,-0.15999999999999986,0.5,1,success,1.5707963267948966,0.7071067811865476,-0.7071067811865475,0.0,-0.0,shoulder_pan_joint;shoulder_lift_joint;elbow_joint;wrist_1_joint;wrist_2_joint;wrist_3_joint,-0.6650968131;-1.7179690613;1.6753926879;-1.5282199425;-1.5707964938;-0.6650968049
0.41999999999999993,-0.13999999999999985,0.5,1,success,1.5707963267948966,0.7071067811865476,-0.7071067811865475,0.0,-0.0,shoulder_pan_joint;shoulder_lift_joint;elbow_joint;wrist_1_joint;wrist_2_joint;wrist_3_joint,-0.6275893274;-1.7346384618;1.6892619773;-1.5254198327;-1.5707965606;-0.6275893209
0.41999999999999993,-0.11999999999999983,0.5,1,success,0.0,1.0,0.0,0.0,0.0,shoulder_pan_joint;shoulder_lift_joint;elbow_joint;wrist_1_joint;wrist_2_joint;wrist_3_joint,-3.1097759303;-1.8685434528;-1.1944362226;-4.7910008579;-1.5707960501;-4.6805724691
0.41999999999999993,-0.09999999999999981,0.5,1,success,0.0,1.0,0.0,0.0,0.0,shoulder_pan_joint;shoulder_lift_joint;elbow_joint;wrist_1_joint;wrist_2_joint;wrist_3_joint,-3.0614571182;4.9035525406;-1.7113470637;4.6617761575;1.5707963264;4.7925245160
0.41999999999999993,-0.0799999999999998,0.5,1,success,1.5707963267948966,0.7071067811865476,-0.7071067811865475,0.0,-0.0,shoulder_pan_joint;shoulder_lift_joint;elbow_joint;wrist_1_joint;wrist_2_joint;wrist_3_joint,-0.5052812169;-1.7724233611;1.7195967966;-1.5179691112;-1.5707961206;-0.5052849770
0.41999999999999993,-0.059999999999999776,0.5,1,success,0.0,1.0,0.0,0.0,0.0,shoulder_pan_joint;shoulder_lift_joint;elbow_joint;wrist_1_joint;wrist_2_joint;wrist_3_joint,-2.9638852132;-1.3609412927;-1.7259989155;-1.6254487618;1.5707963299;4.8900964226
0.41999999999999993,-0.03999999999999976,0.5,1,success,0.0,1.0,0.0,0.0,0.0,shoulder_pan_joint;shoulder_lift_joint;elbow_joint;wrist_1_joint;wrist_2_joint;wrist_3_joint,-2.9150852119;-1.3550170655;-1.7305651355;-1.6268067778;1.5707963264;4.9388964222
0.41999999999999993,-0.01999999999999974,0.5,1,success,1.5707963267948966,0.7071067811865476,-0.7071067811865475,0.0,-0.0,shoulder_pan_joint;shoulder_lift_joint;elbow_joint;wrist_1_joint;wrist_2_joint;wrist_3_joint,-0.3701706766;-1.7901497324;1.7333019316;-1.5139485261;-1.5707963266;-0.3701706767
0.41999999999999993,2.7755575615628914e-16,0.5,1,success,1.5707963267948966,0.7071067811865476,-0.7071067811865475,0.0,-0.0,shoulder_pan_joint;shoulder_lift_joint;elbow_joint;wrist_1_joint;wrist_2_joint;wrist_3_joint,3.4645590142;-1.3502482167;-1.7342137179;-1.6279270462;-4.7123889750;0.3229663605
0.41999999999999993,0.020000000000000295,0.5,1,success,0.0,1.0,0.0,0.0,0.0,shoulder_pan_joint;shoulder_lift_joint;elbow_joint;wrist_1_joint;wrist_2_joint;wrist_3_joint,-2.7714219760;-1.3514429097;-1.7333019612;-1.6276440606;-4.7123889822;-1.2006256490
0.41999999999999993,0.04000000000000031,0.5,1,success,0.0,1.0,0.0,0.0,0.0,shoulder_pan_joint;shoulder_lift_joint;elbow_joint;wrist_1_joint;wrist_2_joint;wrist_3_joint,6.0566779942;4.4966084918;1.7305663429;-1.5147862478;-1.5707973951;4.4858810025
0.41999999999999993,0.06000000000000033,0.5,1,success,0.0,1.0,0.0,0.0,0.0,shoulder_pan_joint;shoulder_lift_joint;elbow_joint;wrist_1_joint;wrist_2_joint;wrist_3_joint,-0.1777076329;4.5025337965;1.7259990967;-1.5161440708;-1.5707962291;4.5346813824
0.41999999999999993,0.08000000000000035,0.5,1,success,1.5707963267948966,0.7071067811865476,-0.7071067811865475,0.0,-0.0,shoulder_pan_joint;shoulder_lift_joint;elbow_joint;wrist_1_joint;wrist_2_joint;wrist_3_joint,-0.1288396268;-1.7724247117;1.7195961555;-1.5179677720;-1.5707963257;-0.1288396268
0.41999999999999993,0.10000000000000037,0.5,1,success,0.0,1.0,0.0,0.0,0.0,shoulder_pan_joint;shoulder_lift_joint;elbow_joint;wrist_1_joint;wrist_2_joint;wrist_3_joint,-0.0801355379;-1.7619598684;1.7113470553;4.7630017940;-1.5707963262;4.6322534421
0.41999999999999993,0.12000000000000038,0.5,1,success,1.5707963267948966,0.7071067811865476,-0.7071067811865475,0.0,-0.0,shoulder_pan_joint;shoulder_lift_joint;elbow_joint;wrist_1_joint;wrist_2_joint;wrist_3_joint,-0.0318166849;-1.7493349062;1.7012396076;4.7604843545;-1.5707961455;-0.0318167619
0.41999999999999993,0.1400000000000004,0.5,1,success,1.5707963267948966,0.7071067811865476,-0.7071067811865475,0.0,-0.0,shoulder_pan_joint;shoulder_lift_joint;elbow_joint;wrist_1_joint;wrist_2_joint;wrist_3_joint,0.0159106535;-1.7346391295;1.6892597221;-1.5254170121;-1.5707962656;0.0159107803
0.41999999999999993,0.16000000000000042,0.5,1,success,1.5707963267948966,0.7071067811865476,-0.7071067811865475,0.0,-0.0,shoulder_pan_joint;shoulder_lift_joint;elbow_joint;wrist_1_joint;wrist_2_joint;wrist_3_joint,0.0628611645;-1.7179690310;1.6753928836;-1.5282201810;-1.5707963281;0.0628611642
0.41999999999999993,0.18000000000000044,0.5,1,success,1.5707963267948966,0.7071067811865476,-0.7071067811865475,0.0,-0.0,shoulder_pan_joint;shoulder_lift_joint;elbow_joint;wrist_1_joint;wrist_2_joint;wrist_3_joint,0.1088686965;-1.6994283145;1.6596166545;-1.5309846603;-1.5707963319;0.1088686965
0.41999999999999993,0.20000000000000046,0.5,1,success,1.5707963267948966,0.7071067811865476,-0.7071067811865475,0.0,-0.0,shoulder_pan_joint;shoulder_lift_joint;elbow_joint;wrist_1_joint;wrist_2_joint;wrist_3_joint,0.1537940122;-1.6791208133;1.6419141150;-1.5335896125;-1.5707963317;0.1537940132
0.41999999999999993,0.22000000000000047,0.5,1,success,1.5707963267948966,0.7071067811865476,-0.7071067811865475,0.0,-0.0,shoulder_pan_joint;shoulder_lift_joint;elbow_joint;wrist_1_joint;wrist_2_joint;wrist_3_joint,0.1975199865;-1.6571509804;1.6222683132;-1.5359125165;-1.5707964761;0.1975200656
0.41999999999999993,0.2400000000000005,0.5,1,success,1.5707963267948966,0.7071067811865476,-0.7071067811865475,0.0,-0.0,shoulder_pan_joint;shoulder_lift_joint;elbow_joint;wrist_1_joint;wrist_2_joint;wrist_3_joint,0.2399699163;-1.6336140157;1.6006190888;-1.5378014001;-1.5707963264;0.2399699161
0.41999999999999993,0.2600000000000005,0.5,1,success,1.5707963267948966,0.7071067811865476,-0.7071067811865475,0.0,-0.0,shoulder_pan_joint;shoulder_lift_joint;elbow_joint;wrist_1_joint;wrist_2_joint;wrist_3_joint,0.2810619782;-1.6086082413;1.5769767975;-1.5391648832;-1.5707963238;0.2810619780
0.41999999999999993,0.2800000000000005,0.5,1,success,0.0,1.0,0.0,0.0,0.0,shoulder_pan_joint;shoulder_lift_joint;elbow_joint;wrist_1_joint;wrist_2_joint;wrist_3_joint,-5.9624295394;-1.5822179754;1.5512908017;-1.5398694198;-1.5707963535;5.0331447244
0.41999999999999993,0.30000000000000054,0.5,1,success,0.0,1.0,0.0,0.0,0.0,shoulder_pan_joint;shoulder_lift_joint;elbow_joint;wrist_1_joint;wrist_2_joint;wrist_3_joint,4.0230680410;-1.5870726826;-1.5235216197;-1.6017932252;1.5707961521;-0.6893210777
0.4399999999999999,-0.3,0.5,1,success,0.0,1.0,0.0,0.0,0.0,shoulder_pan_joint;shoulder_lift_joint;elbow_joint;wrist_1_joint;wrist_2_joint;wrist_3_joint,-3.4870118021;4.6561330889;-1.4819688300;4.6798173751;-4.7123889806;4.3669698320
0.4399999999999999,-0.27999999999999997,0.5,1,success,1.5707963267948966,0.7071067811865476,-0.7071067811865475,0.0,-0.0,shoulder_pan_joint;shoulder_lift_joint;elbow_joint;wrist_1_joint;wrist_2_joint;wrist_3_joint,-0.8251882545;-1.5413674711;1.5100420390;-1.5394709150;-1.5707960717;-0.8251881729
0.4399999999999999,-0.25999999999999995,0.5,1,success,0.0,1.0,0.0,0.0,0.0,shoulder_pan_joint;shoulder_lift_joint;elbow_joint;wrist_1_joint;wrist_2_joint;wrist_3_joint,2.8717576302;4.2052566630;-0.8956380337;-4.8804149564;-1.5707963266;-4.9822240040
0.4399999999999999,-0.23999999999999994,0.5,1,success,1.5707963267948966,0.7071067811865476,-0.7071067811865475,0.0,-0.0,shoulder_pan_joint;shoulder_lift_joint;elbow_joint;wrist_1_joint;wrist_2_joint;wrist_3_joint,-0.7685489373;-1.5909477082;1.5598714806;-1.5397201202;-1.5707961445;-0.7685488793
0.4399999999999999,-0.21999999999999992,0.5,1,success,0.0,1.0,0.0,0.0,0.0,shoulder_pan_joint;shoulder_lift_joint;elbow_joint;wrist_1_joint;wrist_2_joint;wrist_3_joint,5.5451365334;4.6696210667;1.5817160793;4.7442375169;-1.5707974243;3.9743405867
0.4399999999999999,-0.1999999999999999,0.5,1,success,0.0,1.0,0.0,0.0,0.0,shoulder_pan_joint;shoulder_lift_joint;elbow_joint;wrist_1_joint;wrist_2_joint;wrist_3_joint,-3.2887999529;-1.5069666357;-1.6015657945;4.6793287542;-4.7123889758;4.5651816812
0.4399999999999999,-0.17999999999999988,0.5,1,success,0.0,1.0,0.0,0.0,0.0,shoulder_pan_joint;shoulder_lift_joint;elbow_joint;wrist_1_joint;wrist_2_joint;wrist_3_joint,3.0374834565;-1.4875270315;-1.6194531973;-1.6054087507;1.5707963285;-1.6749055236
0.4399999999999999,-0.15999999999999986,0.5,1,success,0.0,1.0,0.0,0.0,0.0,shoulder_pan_joint;shoulder_lift_joint;elbow_joint;wrist_1_joint;wrist_2_joint;wrist_3_joint,-3.2016548710;4.8133362713;-1.6353673852;-1.6071725591;1.5707963264;-1.6308585440
0.4399999999999999,-0.13999999999999985,0.5,1,success,1.5707963267948966,0.7071067811865476,-0.7071067811865475,0.0,-0.0,shoulder_pan_joint;shoulder_lift_joint;elbow_joint;wrist_1_joint;wrist_2_joint;wrist_3_joint,-0.6009143611;-1.6876201306;1.6493735595;-1.5325497494;-1.5707963643;-0.6009143543
0.4399999999999999,-0.11999999999999983,0.5,1,success,0.0,1.0,0.0,0.0,0.0,shoulder_pan_joint;shoulder_lift_joint;elbow_joint;wrist_1_joint;wrist_2_joint;wrist_3_joint,3.1719502507;4.8431839950;-1.6614731641;4.6722708033;1.5707963265;4.7427465777
0.4399999999999999,-0.09999999999999981,0.5,1,success,1.5707963267948966,0.7071067811865476,-0.7071067811865475,0.0,-0.0,shoulder_pan_joint;shoulder_lift_joint;elbow_joint;wrist_1_joint;wrist_2_joint;wrist_3_joint,-0.5233725769;-1.7135740376;1.6716840135;-1.5289062944;-1.5707963241;-0.5233728396
0.4399999999999999,-0.0799999999999998,0.5,1,success,1.5707963267948966,0.7071067811865476,-0.7071067811865475,0.0,-0.0,shoulder_pan_joint;shoulder_lift_joint;elbow_joint;wrist_1_joint;wrist_2_joint;wrist_3_joint,-0.4825213680;-1.7234927278;1.6800188858;-1.5273224849;-1.5707963269;-0.4825213682
0.4399999999999999,-0.059999999999999776,0.5,1,success,1.5707963267948966,0.7071067811865476,-0.7071067811865475,0.0,-0.0,shoulder_pan_joint;shoulder_lift_joint;elbow_joint;wrist_1_joint;wrist_2_joint;wrist_3_joint,-0.4404053947;-1.7312809533;1.6864896760;-1.5260050707;-1.5707963314;-0.4404053963
0.4399999999999999,-0.03999999999999976,0.5,1,success,0.0,1.0,0.0,0.0,0.0,shoulder_pan_joint;shoulder_lift_joint;elbow_joint;wrist_1_joint;wrist_2_joint;wrist_3_joint,-2.9257664210;-1.4047082034;-1.6911050742;-1.6165757025;1.5707963266;4.9282152132
0.4399999999999999,-0.01999999999999974,0.5,1,success,3.141592653589793,-6.123233995736766e-17,1.0,0.0,0.0,shoulder_pan_joint;shoulder_lift_joint;elbow_joint;wrist_1_joint;wrist_2_joint;wrist_3_joint,-0.3528867655;-1.2633678988;1.1816191375;-4.6306402164;-4.7123889852;-1.9236830956
0.4399999999999999,2.7755575615628914e-16,0.5,1,success,3.141592653589793,-6.123233995736766e-17,1.0,0.0,0.0,shoulder_pan_joint;shoulder_lift_joint;elbow_joint;wrist_1_joint;wrist_2_joint;wrist_3_joint,3.4493840279;4.8829847919;-1.6947934583;4.6657903005;1.5707963263;-4.4045976057
0.4399999999999999,0.020000000000000295,0.5,1,success,0.0,1.0,0.0,0.0,0.0,shoulder_pan_joint;shoulder_lift_joint;elbow_joint;wrist_1_joint;wrist_2_joint;wrist_3_joint,-2.7887058760;4.8818557726;-1.6938717503;-1.6171876949;-4.7123889800;-1.2179095465
0.4399999999999999,0.04000000000000031,0.5,1,success,1.5707963267948966,0.7071067811865476,-0.7071067811865475,0.0,-0.0,shoulder_pan_joint;shoulder_lift_joint;elbow_joint;wrist_1_joint;wrist_2_joint;wrist_3_joint,-0.2158262203;-1.7368844425;1.6911051150;-1.5250169994;-1.5707963266;-0.2158262205
0.4399999999999999,0.06000000000000033,0.5,1,success,1.5707963267948966,0.7071067811865476,-0.7071067811865475,0.0,-0.0,shoulder_pan_joint;shoulder_lift_joint;elbow_joint;wrist_1_joint;wrist_2_joint;wrist_3_joint,-0.1693536642;-1.7312831963;1.6865056906;-1.5260188808;-1.5707962897;-0.1693492671
0.4399999999999999,0.08000000000000035,0.5,1,success,1.5707963267948966,0.7071067811865476,-0.7071067811865475,0.0,-0.0,shoulder_pan_joint;shoulder_lift_joint;elbow_joint;wrist_1_joint;wrist_2_joint;wrist_3_joint,-0.1228143661;-1.7234927290;1.6800188859;-1.5273224836;-1.5707963260;-0.1228143664
0.4399999999999999,0.10000000000000037,0.5,1,success,1.5707963267948966,0.7071067811865476,-0.7071067811865475,0.0,-0.0,shoulder_pan_joint;shoulder_lift_joint;elbow_joint;wrist_1_joint;wrist_2_joint;wrist_3_joint,-0.0764194912;-1.7135746986;1.6716842868;-1.5289058400;-1.5707958522;-0.0764195227
0.4399999999999999,0.12000000000000038,0.5,1,success,0.0,1.0,0.0,0.0,0.0,shoulder_pan_joint;shoulder_lift_joint;elbow_joint;wrist_1_joint;wrist_2_joint;wrist_3_joint,-0.0303575963;4.5815939958;1.6614731371;4.7525071544;-1.5707963268;-1.6011539233
0.4399999999999999,0.1400000000000004,0.5,1,success,1.5707963267948966,0.7071067811865476,-0.7071067811865475,0.0,-0.0,shoulder_pan_joint;shoulder_lift_joint;elbow_joint;wrist_1_joint;wrist_2_joint;wrist_3_joint,0.0151911444;-1.6876201415;1.6493730269;-1.5325492138;-1.5707963285;0.0151911437
0.4399999999999999,0.16000000000000042,0.5,1,success,0.0,1.0,0.0,0.0,0.0,shoulder_pan_joint;shoulder_lift_joint;elbow_joint;wrist_1_joint;wrist_2_joint;wrist_3_joint,-2.5041127769;4.8133366026;-1.6353676892;4.6760132896;1.5707953452;-0.9333167204
0.4399999999999999,0.18000000000000044,0.5,1,success,1.5707963267948966,0.7071067811865476,-0.7071067811865475,0.0,-0.0,shoulder_pan_joint;shoulder_lift_joint;elbow_joint;wrist_1_joint;wrist_2_joint;wrist_3_joint,0.1041093186;-1.6540492471;1.6194375493;-1.5361846281;-1.5707963361;0.1041093199
0.4399999999999999,0.20000000000000046,0.5,1,success,1.5707963267948966,0.7071067811865476,-0.7071067811865475,0.0,-0.0,shoulder_pan_joint;shoulder_lift_joint;elbow_joint;wrist_1_joint;wrist_2_joint;wrist_3_joint,0.1472041840;-1.6346269522;1.6015686280;-1.5377384216;-1.5707963703;0.1472041551
0.4399999999999999,0.22000000000000047,0.5,1,success,0.0,1.0,0.0,0.0,0.0,shoulder_pan_joint;shoulder_lift_joint;elbow_joint;wrist_1_joint;wrist_2_joint;wrist_3_joint,3.8796437892;4.7551588430;-1.5817191930;4.6805423717;-4.7123893200;-0.8327452173
0.4399999999999999,0.2400000000000005,0.5,1,success,1.5707963267948966,0.7071067811865476,-0.7071067811865475,0.0,-0.0,shoulder_pan_joint;shoulder_lift_joint;elbow_joint;wrist_1_joint;wrist_2_joint;wrist_3_joint,0.2301440890;-1.5909473973;1.5598767225;-1.5397257108;-1.5707963320;0.2301440816
0.4399999999999999,0.2600000000000005,0.5,1,success,0.0,1.0,0.0,0.0,0.0,shoulder_pan_joint;shoulder_lift_joint;elbow_joint;wrist_1_joint;wrist_2_joint;wrist_3_joint,0.2698351471;-1.5668580065;1.5359931386;-1.5399339057;-1.5707951707;4.9822254085
0.4399999999999999,0.2800000000000005,0.5,1,success,1.5707963267948966,0.7071067811865476,-0.7071067811865475,0.0,-0.0,shoulder_pan_joint;shoulder_lift_joint;elbow_joint;wrist_1_joint;wrist_2_joint;wrist_3_joint,0.3082706780;-1.5413668628;1.5100460193;-1.5394754795;-1.5707963257;0.3082706777
0.4399999999999999,0.30000000000000054,0.5,1,success,1.5707963267948966,0.7071067811865476,-0.7071067811865475,0.0,-0.0,shoulder_pan_joint;shoulder_lift_joint;elbow_joint;wrist_1_joint;wrist_2_joint;wrist_3_joint,0.3454193945;-1.5145408721;1.4819752876;-1.5382307426;-1.5707963266;0.3454193943
0.4599999999999999,-0.3,0.5,1,success,1.5707963267948966,0.7071067811865476,-0.7071067811865475,0.0,-0.0,shoulder_pan_joint;shoulder_lift_joint;elbow_joint;wrist_1_joint;wrist_2_joint;wrist_3_joint,-0.8230757516;-1.4739129364;1.4379719018;-1.5348553200;-1.5707959836;-0.8230756964
0.4599999999999999,-0.27999999999999997,0.5,1,success,1.5707963267948966,0.7071067811865476,-0.7071067811865475,0.0,-0.0,shoulder_pan_joint;shoulder_lift_joint;elbow_joint;wrist_1_joint;wrist_2_joint;wrist_3_joint,-0.7969208524;-1.4999641362;1.4663889819;-1.5372212048;-1.5707960060;-0.7969207930
0.4599999999999999,-0.25999999999999995,0.5,1,success,0.0,1.0,0.0,0.0,0.0,shoulder_pan_joint;shoulder_lift_joint;elbow_joint;wrist_1_joint;wrist_2_joint;wrist_3_joint,-3.4010144521;4.6662449222;-1.4926417269;-1.6028068772;-4.7123889798;4.4529671821
0.4599999999999999,-0.23999999999999994,0.5,1,success,0.0,1.0,0.0,0.0,0.0,shoulder_pan_joint;shoulder_lift_joint;elbow_joint;wrist_1_joint;wrist_2_joint;wrist_3_joint,-3.3626493049;4.6895182552;-1.5167855676;4.6812489466;-4.7123889804;-1.7918529779
0.4599999999999999,-0.21999999999999992,0.5,1,success,0.0,1.0,0.0,0.0,0.0,shoulder_pan_joint;shoulder_lift_joint;elbow_joint;wrist_1_joint;wrist_2_joint;wrist_3_joint,2.9599830552;4.7113197246;-1.5388702110;-1.6016528090;-4.7123894055;-1.7524059256
0.4599999999999999,-0.1999999999999999,0.5,1,success,0.0,1.0,0.0,0.0,0.0,shoulder_pan_joint;shoulder_lift_joint;elbow_joint;wrist_1_joint;wrist_2_joint;wrist_3_joint,-3.2827371918;-2.0491847591;-0.9393082865;1.4176967185;4.7123889809;-4.8535335173
0.4599999999999999,-0.17999999999999988,0.5,1,success,0.0,1.0,0.0,0.0,0.0,shoulder_pan_joint;shoulder_lift_joint;elbow_joint;wrist_1_joint;wrist_2_joint;wrist_3_joint,-3.2413348531;-1.5329844307;-1.5769768301;4.6807575878;1.5707963266;-1.6705385261
0.4599999999999999,-0.15999999999999986,0.5,1,success,0.0,1.0,0.0,0.0,0.0,shoulder_pan_joint;shoulder_lift_joint;elbow_joint;wrist_1_joint;wrist_2_joint;wrist_3_joint,3.0840921640;4.7671422485;-1.5930689198;4.6799081655;-4.7123894788;4.6548888748
0.4599999999999999,-0.13999999999999985,0.5,1,success,0.0,1.0,0.0,0.0,0.0,shoulder_pan_joint;shoulder_lift_joint;elbow_joint;wrist_1_joint;wrist_2_joint;wrist_3_joint,3.1270590671;-1.5008715483;-1.6072151166;4.6788829919;-4.7123889808;4.6978553941
0.4599999999999999,-0.11999999999999983,0.5,1,success,1.5707963267948966,0.7071067811865476,-0.7071067811865475,0.0,-0.0,shoulder_pan_joint;shoulder_lift_joint;elbow_joint;wrist_1_joint;wrist_2_joint;wrist_3_joint,-0.5393917781;-1.6540492353;1.6194375851;-1.5361846833;-1.5707963283;-0.5393918034
0.4599999999999999,-0.09999999999999981,0.5,1,success,0.0,1.0,0.0,0.0,0.0,shoulder_pan_joint;shoulder_lift_joint;elbow_joint;wrist_1_joint;wrist_2_joint;wrist_3_joint,-0.5011568098;-1.6654698868;1.6297582759;-1.5350847636;4.7123889045;4.2112321693
0.4599999999999999,-0.0799999999999998,0.5,1,success,0.0,1.0,0.0,0.0,0.0,shoulder_pan_joint;shoulder_lift_joint;elbow_joint;wrist_1_joint;wrist_2_joint;wrist_3_joint,-3.0242582629;-1.4666938644;-1.6381724160;4.6756626442;-4.7123889876;4.8297233693
0.4599999999999999,-0.059999999999999776,0.5,1,success,0.0,1.0,0.0,0.0,0.0,shoulder_pan_joint;shoulder_lift_joint;elbow_joint;wrist_1_joint;wrist_2_joint;wrist_3_joint,5.8620253107;-1.6822997162;1.6447098141;4.7499788774;4.7123892300;4.2912289869
0.4599999999999999,-0.03999999999999976,0.5,1,success,0.0,1.0,0.0,0.0,0.0,shoulder_pan_joint;shoulder_lift_joint;elbow_joint;wrist_1_joint;wrist_2_joint;wrist_3_joint,3.3477163196;4.3475803535;-1.1036432286;1.4684518370;4.7123888285;-4.5062674187
0.4599999999999999,-0.01999999999999974,0.5,1,success,0.0,1.0,0.0,0.0,0.0,shoulder_pan_joint;shoulder_lift_joint;elbow_joint;wrist_1_joint;wrist_2_joint;wrist_3_joint,-2.8913292295;-1.4507661044;-1.6521695429;-1.6094533390;1.5707963127;4.9626524052
0.4599999999999999,2.7755575615628914e-16,0.5,1,success,0.0,1.0,0.0,0.0,0.0,shoulder_pan_joint;shoulder_lift_joint;elbow_joint;wrist_1_joint;wrist_2_joint;wrist_3_joint,5.9891856472;-1.2107327976;1.1102237094;1.6713054173;1.5707963257;-5.0063886402
0.4599999999999999,0.020000000000000295,0.5,1,success,0.0,1.0,0.0,0.0,0.0,shoulder_pan_joint;shoulder_lift_joint;elbow_joint;wrist_1_joint;wrist_2_joint;wrist_3_joint,-2.8044285234;-1.4507659156;-1.6521693727;4.6737337625;1.5707957989;-1.2336326806
0.4599999999999999,0.04000000000000031,0.5,1,success,1.5707963267948966,0.7071067811865476,-0.7071067811865475,0.0,-0.0,shoulder_pan_joint;shoulder_lift_joint;elbow_joint;wrist_1_joint;wrist_2_joint;wrist_3_joint,-0.2061244392;-1.6876215144;1.6493745472;-1.5325533029;-1.5707976603;-0.2061256769
0.4599999999999999,0.06000000000000033,0.5,1,success,0.0,1.0,0.0,0.0,0.0,shoulder_pan_joint;shoulder_lift_joint;elbow_joint;wrist_1_joint;wrist_2_joint;wrist_3_joint,3.5627529800;-1.4592926390;-1.6447100977;-1.6083863113;-4.7123894830;-1.1496359623
0.4599999999999999,0.08000000000000035,0.5,1,success,0.0,1.0,0.0,0.0,0.0,shoulder_pan_joint;shoulder_lift_joint;elbow_joint;wrist_1_joint;wrist_2_joint;wrist_3_joint,-2.6798766262;4.8164912933;-1.6381722631;4.6756625858;1.5707963341;-1.1090802994
0.4599999999999999,0.10000000000000037,0.5,1,success,0.0,1.0,0.0,0.0,0.0,shoulder_pan_joint;shoulder_lift_joint;elbow_joint;wrist_1_joint;wrist_2_joint;wrist_3_joint,-0.0730364527;5.1020509559;1.0688159911;-4.6000706131;-4.7123890208;-4.7854254332
0.4599999999999999,0.12000000000000038,0.5,1,success,0.0,1.0,0.0,0.0,0.0,shoulder_pan_joint;shoulder_lift_joint;elbow_joint;wrist_1_joint;wrist_2_joint;wrist_3_joint,-0.0290270121;-1.1681426031;1.0503547367;-4.5946011138;1.5707963266;1.5417693149
0.4599999999999999,0.1400000000000004,0.5,1,success,1.5707963267948966,0.7071067811865476,-0.7071067811865475,0.0,-0.0,shoulder_pan_joint;shoulder_lift_joint;elbow_joint;wrist_1_joint;wrist_2_joint;wrist_3_joint,0.0145305687;-1.6407218086;1.6072291916;-1.5373031247;-1.5707965682;0.0145307979
0.4599999999999999,0.16000000000000042,0.5,1,success,0.0,1.0,0.0,0.0,0.0,shoulder_pan_joint;shoulder_lift_joint;elbow_joint;wrist_1_joint;wrist_2_joint;wrist_3_joint,3.7535660316;4.7671419577;-1.5930680921;4.6799077684;-4.7123890058;-0.9588229484
0.4599999999999999,0.18000000000000044,0.5,1,success,1.5707963267948966,0.7071067811865476,-0.7071067811865475,0.0,-0.0,shoulder_pan_joint;shoulder_lift_joint;elbow_joint;wrist_1_joint;wrist_2_joint;wrist_3_joint,0.0997422031;-1.6086082998;1.5769768548;-1.5391648819;-1.5707963239;0.0997422027
0.4599999999999999,0.20000000000000046,0.5,1,success,0.0,1.0,0.0,0.0,0.0,shoulder_pan_joint;shoulder_lift_joint;elbow_joint;wrist_1_joint;wrist_2_joint;wrist_3_joint,-2.4624827228;4.7315666484;-1.5589187816;4.6813337813;1.5707962729;5.3914989044
0.4599999999999999,0.22000000000000047,0.5,1,success,0.0,1.0,0.0,0.0,0.0,shoulder_pan_joint;shoulder_lift_joint;elbow_joint;wrist_1_joint;wrist_2_joint;wrist_3_joint,0.1816095791;4.7134630868;1.5388653926;4.7432458062;4.7123889877;-1.3891867404
0.4599999999999999,0.2400000000000005,0.5,1,success,0.0,1.0,0.0,0.0,0.0,shoulder_pan_joint;shoulder_lift_joint;elbow_joint;wrist_1_joint;wrist_2_joint;wrist_3_joint,-2.4008746153;4.6895183505;-1.5167864546;-1.6019355581;-4.7123889476;5.4531070276
0.4599999999999999,0.2600000000000005,0.5,1,success,0.0,1.0,0.0,0.0,0.0,shoulder_pan_joint;shoulder_lift_joint;elbow_joint;wrist_1_joint;wrist_2_joint;wrist_3_joint,-2.3721118196;-1.6169401582;-1.4926421262;4.6803792340;1.5707963056;5.4818698122
0.4599999999999999,0.2800000000000005,0.5,1,success,0.0,1.0,0.0,0.0,0.0,shoulder_pan_joint;shoulder_lift_joint;elbow_joint;wrist_1_joint;wrist_2_joint;wrist_3_joint,0.2966568083;4.7832216956;1.4663884004;4.7459641913;4.7123889806;-1.2741395187
0.4599999999999999,0.30000000000000054,0.5,1,success,0.0,1.0,0.0,0.0,0.0,shoulder_pan_joint;shoulder_lift_joint;elbow_joint;wrist_1_joint;wrist_2_joint;wrist_3_joint,0.3327280799;4.8092729661;1.4379712237;-1.5348552206;-1.5707963134;-1.2380682453
0.47999999999999987,-0.3,0.5,1,success,0.0,1.0,0.0,0.0,0.0,shoulder_pan_joint;shoulder_lift_joint;elbow_joint;wrist_1_joint;wrist_2_joint;wrist_3_joint,-3.4624646756;-1.7089880374;-1.3914131074;4.6711973889;-4.7123889910;4.3915169587
0.47999999999999987,-0.27999999999999997,0.5,1,success,0.0,1.0,0.0,0.0,0.0,shoulder_pan_joint;shoulder_lift_joint;elbow_joint;wrist_1_joint;wrist_2_joint;wrist_3_joint,-3.4274260232;-1.6836292290;-1.4202127140;4.6746382790;-4.7123889808;-1.8566296963
0.47999999999999987,-0.25999999999999995,0.5,1,success,0.0,1.0,0.0,0.0,0.0,shoulder_pan_joint;shoulder_lift_joint;elbow_joint;wrist_1_joint;wrist_2_joint;wrist_3_joint,2.8918508435;-1.6596440465;-1.4468155518;-1.6059293958;-4.7123890935;-1.8205381355
0.47999999999999987,-0.23999999999999994,0.5,1,success,0.0,1.0,0.0,0.0,0.0,shoulder_pan_joint;shoulder_lift_joint;elbow_joint;wrist_1_joint;wrist_2_joint;wrist_3_joint,-3.3542225710;4.6460952436;-1.4712645371;4.6791509277;-4.7123889806;4.4997590632
0.47999999999999987,-0.21999999999999992,0.5,1,success,0.0,1.0,0.0,0.0,0.0,shoulder_pan_joint;shoulder_lift_joint;elbow_joint;wrist_1_joint;wrist_2_joint;wrist_3_joint,-0.6849787535;-1.5255753026;1.4936104621;-1.5388314866;4.7123889806;-2.2557750805
0.47999999999999987,-0.1999999999999999,0.5,1,success,0.0,1.0,0.0,0.0,0.0,shoulder_pan_joint;shoulder_lift_joint;elbow_joint;wrist_1_joint;wrist_2_joint;wrist_3_joint,-3.2771435975;-2.1058283230;-0.8524544688;1.3874864433;4.7123889832;1.4352453856
0.47999999999999987,-0.17999999999999988,0.5,1,success,0.0,1.0,0.0,0.0,0.0,shoulder_pan_joint;shoulder_lift_joint;elbow_joint;wrist_1_joint;wrist_2_joint;wrist_3_joint,-0.6218202297;-1.5630473725;1.5321582955;-1.5399071499;-1.5707963256;-2.1926165567
0.47999999999999987,-0.15999999999999986,0.5,1,success,-1.5707963267948966,0.7071067811865476,0.7071067811865475,0.0,0.0,shoulder_pan_joint;shoulder_lift_joint;elbow_joint;wrist_1_joint;wrist_2_joint;wrist_3_joint,-3.1967396264;4.7209151126;-1.5484277234;4.6814951570;1.5707963391;-3.1967396053
0.47999999999999987,-0.13999999999999985,0.5,1,success,0.0,1.0,0.0,0.0,0.0,shoulder_pan_joint;shoulder_lift_joint;elbow_joint;wrist_1_joint;wrist_2_joint;wrist_3_joint,5.7295275728;-1.5938716997;1.5627265691;-1.5396511964;-1.5707963266;4.1587312460
0.47999999999999987,-0.11999999999999983,0.5,1,success,0.0,1.0,0.0,0.0,0.0,shoulder_pan_joint;shoulder_lift_joint;elbow_joint;wrist_1_joint;wrist_2_joint;wrist_3_joint,-0.5177658070;-1.6066322090;1.5750796817;-1.5392439703;4.7123885278;4.1946231545
0.47999999999999987,-0.09999999999999981,0.5,1,success,1.5707963267948966,0.7071067811865476,-0.7071067811865475,0.0,-0.0,shoulder_pan_joint;shoulder_lift_joint;elbow_joint;wrist_1_joint;wrist_2_joint;wrist_3_joint,-0.4807322585;-1.6175443415;1.5855047097;-1.5387564874;-1.5707960310;-0.4807322609
0.47999999999999987,-0.0799999999999998,0.5,1,success,0.0,1.0,0.0,0.0,0.0,shoulder_pan_joint;shoulder_lift_joint;elbow_joint;wrist_1_joint;wrist_2_joint;wrist_3_joint,-0.4426254527;-1.6265540742;1.5940126973;-1.5382549504;-1.5707963270;-2.0134217798
0.47999999999999987,-0.059999999999999776,0.5,1,success,1.5707963267948966,0.7071067811865476,-0.7071067811865475,0.0,-0.0,shoulder_pan_joint;shoulder_lift_joint;elbow_joint;wrist_1_joint;wrist_2_joint;wrist_3_joint,-0.4035311926;-1.6336140159;1.6006190891;-1.5378014003;-1.5707963266;-0.4035311928
0.47999999999999987,-0.03999999999999976,0.5,1,success,1.5707963267948966,0.7071067811865476,-0.7071067811865475,0.0,-0.0,shoulder_pan_joint;shoulder_lift_joint;elbow_joint;wrist_1_joint;wrist_2_joint;wrist_3_joint,-0.3635506109;-1.6386856405;1.6053316049;-1.5374422918;-1.5707963266;-0.3635506111
0.47999999999999987,-0.01999999999999974,0.5,1,success,1.5707963267948966,0.7071067811865476,-0.7071067811865475,0.0,-0.0,shoulder_pan_joint;shoulder_lift_joint;elbow_joint;wrist_1_joint;wrist_2_joint;wrist_3_joint,-0.3227997601;-1.6417404039;1.6081566414;-1.5372125643;-1.5707963262;-0.3227997603
0.47999999999999987,2.7755575615628914e-16,0.5,1,success,0.0,1.0,0.0,0.0,0.0,shoulder_pan_joint;shoulder_lift_joint;elbow_joint;wrist_1_joint;wrist_2_joint;wrist_3_joint,3.4230004402;-1.4988319348;-1.6090979791;4.6787262411;-4.7123889824;-1.2893885400
0.47999999999999987,0.020000000000000295,0.5,1,success,0.0,1.0,0.0,0.0,0.0,shoulder_pan_joint;shoulder_lift_joint;elbow_joint;wrist_1_joint;wrist_2_joint;wrist_3_joint,-2.8187927287;4.7833337784;-1.6081572639;-1.6043803921;1.5707963939;5.0351888628
0.47999999999999987,0.04000000000000031,0.5,1,success,1.5707963267948966,0.7071067811865476,-0.7071067811865475,0.0,-0.0,shoulder_pan_joint;shoulder_lift_joint;elbow_joint;wrist_1_joint;wrist_2_joint;wrist_3_joint,-0.1972663185;-1.6386958654;1.6053410933;-1.5374385409;-1.5707995589;-0.1972657410
0.47999999999999987,0.06000000000000033,0.5,1,success,1.5707963267948966,0.7071067811865476,-0.7071067811865475,0.0,-0.0,shoulder_pan_joint;shoulder_lift_joint;elbow_joint;wrist_1_joint;wrist_2_joint;wrist_3_joint,-0.1548212081;-1.6336140177;1.6006190944;-1.5378014117;-1.5707963292;-0.1548212110
0.47999999999999987,0.08000000000000035,0.5,1,success,1.5707963267948966,0.7071067811865476,-0.7071067811865475,0.0,-0.0,shoulder_pan_joint;shoulder_lift_joint;elbow_joint;wrist_1_joint;wrist_2_joint;wrist_3_joint,-0.1123293962;-1.6265552005;1.5940139949;-1.5382589368;-1.5707965648;-0.1123297340
0.47999999999999987,0.10000000000000037,0.5,1,success,0.0,1.0,0.0,0.0,0.0,shoulder_pan_joint;shoulder_lift_joint;elbow_joint;wrist_1_joint;wrist_2_joint;wrist_3_joint,-0.0699449688;5.1575426452;0.9887649181;-4.5755109344;1.5707939821;-4.7823341649
0.47999999999999987,0.12000000000000038,0.5,1,success,0.0,1.0,0.0,0.0,0.0,shoulder_pan_joint;shoulder_lift_joint;elbow_joint;wrist_1_joint;wrist_2_joint;wrist_3_joint,-0.0278083384;-1.1126108635;0.9695027687;1.7139044888;1.5707963085;1.5429879812
0.47999999999999987,0.1400000000000004,0.5,1,success,1.5707963267948966,0.7071067811865476,-0.7071067811865475,0.0,-0.0,shoulder_pan_joint;shoulder_lift_joint;elbow_joint;wrist_1_joint;wrist_2_joint;wrist_3_joint,0.0139290112;-1.5938723096;1.5627356122;-1.5396597740;-1.5707964166;0.0139289742
0.47999999999999987,0.16000000000000042,0.5,1,success,0.0,1.0,0.0,0.0,0.0,shoulder_pan_joint;shoulder_lift_joint;elbow_joint;wrist_1_joint;wrist_2_joint;wrist_3_joint,0.0551462207;-1.0792722953;0.9194551702;-4.5525718588;1.5707963316;1.6259425377
0.47999999999999987,0.18000000000000044,0.5,1,success,0.0,1.0,0.0,0.0,0.0,shoulder_pan_joint;shoulder_lift_joint;elbow_joint;wrist_1_joint;wrist_2_joint;wrist_3_joint,3.7634128807;-1.5785452408;-1.5321583612;-1.6016853762;-4.7123889704;5.3342092096
0.47999999999999987,0.20000000000000046,0.5,1,success,1.5707963267948966,0.7071067811865476,-0.7071067811865475,0.0,-0.0,shoulder_pan_joint;shoulder_lift_joint;elbow_joint;wrist_1_joint;wrist_2_joint;wrist_3_joint,0.1355517176;-1.5451106635;1.5139034555;-1.5395891196;-1.5707963269;0.1355517174
0.47999999999999987,0.22000000000000047,0.5,1,success,1.5707963267948966,0.7071067811865476,-0.7071067811865475,0.0,-0.0,shoulder_pan_joint;shoulder_lift_joint;elbow_joint;wrist_1_joint;wrist_2_joint;wrist_3_joint,0.1745455154;-1.5255761467;1.4936212850;-1.5388414626;-1.5707963273;0.1745455154
0.47999999999999987,0.2400000000000005,0.5,1,success,1.5707963267948966,0.7071067811865476,-0.7071067811865475,0.0,-0.0,shoulder_pan_joint;shoulder_lift_joint;elbow_joint;wrist_1_joint;wrist_2_joint;wrist_3_joint,0.2126299178;-1.5045025900;1.4712645333;-1.5375582704;-1.5707963266;0.2126299176
0.47999999999999987,0.2600000000000005,0.5,1,success,0.0,1.0,0.0,0.0,0.0,shoulder_pan_joint;shoulder_lift_joint;elbow_joint;wrist_1_joint;wrist_2_joint;wrist_3_joint,3.8846986817;4.6235437324;-1.4468257060;4.6772625578;1.5707951997;5.4554958491
0.47999999999999987,0.2800000000000005,0.5,1,success,0.0,1.0,0.0,0.0,0.0,shoulder_pan_joint;shoulder_lift_joint;elbow_joint;wrist_1_joint;wrist_2_joint;wrist_3_joint,3.9119078938;4.5995557646;-1.4202119034;4.6746377728;1.5707963283;5.4827042205
0.47999999999999987,0.30000000000000054,0.5,1,success,0.0,1.0,0.0,0.0,0.0,shoulder_pan_joint;shoulder_lift_joint;elbow_joint;wrist_1_joint;wrist_2_joint;wrist_3_joint,0.3208691649;-1.4325899433;1.3913944142;4.7535844766;4.7123878687;-1.2499271740
0.49999999999999983,-0.3,0.5,1,success,0.0,1.0,0.0,0.0,0.0,shoulder_pan_joint;shoulder_lift_joint;elbow_joint;wrist_1_joint;wrist_2_joint;wrist_3_joint,-3.4513649726;-1.7510987613;-1.3420571637;4.6639522517;1.5707963255;-1.8805686456
0.49999999999999983,-0.27999999999999997,0.5,1,success,1.5707963267948966,0.7071067811865476,-0.7071067811865475,0.0,-0.0,shoulder_pan_joint;shoulder_lift_joint;elbow_joint;wrist_1_joint;wrist_2_joint;wrist_3_joint,-3.4173206089;4.5568891349;-1.3713563186;4.6684487924;-4.7123889824;6.0074573524
0.49999999999999983,-0.25999999999999995,0.5,1,success,0.0,1.0,0.0,0.0,0.0,shoulder_pan_joint;shoulder_lift_joint;elbow_joint;wrist_1_joint;wrist_2_joint;wrist_3_joint,-0.7183143053;4.8445068031;1.3983723233;-1.5304902940;4.7123890171;3.9940746763
0.49999999999999983,-0.23999999999999994,0.5,1,success,1.5707963267948966,0.7071067811865476,-0.7071067811865475,0.0,-0.0,shoulder_pan_joint;shoulder_lift_joint;elbow_joint;wrist_1_joint;wrist_2_joint;wrist_3_joint,-0.6902422840;-1.4606161335;1.4231851447;-1.5333653669;-1.5707958937;-0.6902422741
0.49999999999999983,-0.21999999999999992,0.5,1,success,3.141592653589793,-6.123233995736766e-17,1.0,0.0,0.0,shoulder_pan_joint;shoulder_lift_joint;elbow_joint;wrist_1_joint;wrist_2_joint;wrist_3_joint,-0.6610189705;4.8021316999;1.4458340006;-1.5355767203;-1.5707963266;0.9097773561
0.49999999999999983,-0.1999999999999999,0.5,1,success,1.5707963267948966,0.7071067811865476,-0.7071067811865475,0.0,-0.0,shoulder_pan_joint;shoulder_lift_joint;elbow_joint;wrist_1_joint;wrist_2_joint;wrist_3_joint,-0.6306384105;-1.4999635721;1.4663883556;-1.5372211105;-1.5707963266;-0.6306384107
0.49999999999999983,-0.17999999999999988,0.5,1,success,0.0,1.0,0.0,0.0,0.0,shoulder_pan_joint;shoulder_lift_joint;elbow_joint;wrist_1_joint;wrist_2_joint;wrist_3_joint,-3.2335998145;4.6588835153;-1.4848828917;4.6799810273;-4.7123889864;4.6203818194
0.49999999999999983,-0.15999999999999986,0.5,1,success,0.0,1.0,0.0,0.0,0.0,shoulder_pan_joint;shoulder_lift_joint;elbow_joint;wrist_1_joint;wrist_2_joint;wrist_3_joint,-3.1945686325;-1.6086095763;-1.5013514023;4.6807572805;1.5707969221;4.6594129564
0.49999999999999983,-0.13999999999999985,0.5,0,no_ik_solution,nan,,,,,,
0.49999999999999983,-0.11999999999999983,0.5,1,success,3.141592653589793,-6.123233995736766e-17,1.0,0.0,0.0,shoulder_pan_joint;shoulder_lift_joint;elbow_joint;wrist_1_joint;wrist_2_joint;wrist_3_joint,5.7854067289;-1.5592495877;1.5283208474;4.7433177162;4.7123889793;-5.2101675591
0.49999999999999983,-0.09999999999999981,0.5,1,success,0.0,1.0,0.0,0.0,0.0,shoulder_pan_joint;shoulder_lift_joint;elbow_joint;wrist_1_joint;wrist_2_joint;wrist_3_joint,-0.4618925980;-1.5697228864;1.5388649429;-1.5399354514;-1.5707941280;-2.0326913027
0.49999999999999983,-0.0799999999999998,0.5,1,success,1.5707963267948966,0.7071067811865476,-0.7071067811865475,0.0,-0.0,shoulder_pan_joint;shoulder_lift_joint;elbow_joint;wrist_1_joint;wrist_2_joint;wrist_3_joint,-0.4250464812;-1.5783589813;1.5474714846;-1.5399088605;-1.5707963435;-0.4250464815
0.49999999999999983,-0.059999999999999776,0.5,1,success,1.5707963267948966,0.7071067811865476,-0.7071067811865475,0.0,-0.0,shoulder_pan_joint;shoulder_lift_joint;elbow_joint;wrist_1_joint;wrist_2_joint;wrist_3_joint,-0.3873227394;-1.5851203496;1.5541526300;-1.5398286074;-1.5707963266;-0.3873227396
0.49999999999999983,-0.03999999999999976,0.5,1,success,1.5707963267948966,0.7071067811865476,-0.7071067811865475,0.0,-0.0,shoulder_pan_joint;shoulder_lift_joint;elbow_joint;wrist_1_joint;wrist_2_joint;wrist_3_joint,-0.3488127869;-1.5899740165;1.5589181940;-1.5397405046;-1.5707963266;-0.3488127871
0.49999999999999983,-0.01999999999999974,0.5,1,success,1.5707963267948966,0.7071067811865476,-0.7071067811865475,0.0,-0.0,shoulder_pan_joint;shoulder_lift_joint;elbow_joint;wrist_1_joint;wrist_2_joint;wrist_3_joint,-0.3096212952;-1.5928960456;1.5617748055;-1.5396750870;-1.5707963266;-0.3096212954
0.49999999999999983,2.7755575615628914e-16,0.5,1,success,1.5707963267948966,0.7071067811865476,-0.7071067811865475,0.0,-0.0,shoulder_pan_joint;shoulder_lift_joint;elbow_joint;wrist_1_joint;wrist_2_joint;wrist_3_joint,-0.2698636251;-1.5938717331;1.5627266028;-1.5396511968;-1.5707963266;-0.2698636253
0.49999999999999983,0.020000000000000295,0.5,1,success,1.5707963267948966,0.7071067811865476,-0.7071067811865475,0.0,-0.0,shoulder_pan_joint;shoulder_lift_joint;elbow_joint;wrist_1_joint;wrist_2_joint;wrist_3_joint,-0.2296639211;-1.5928961718;1.5617749330;-1.5396750878;-1.5707963266;-0.2296639213
0.49999999999999983,0.04000000000000031,0.5,1,success,0.0,1.0,0.0,0.0,0.0,shoulder_pan_joint;shoulder_lift_joint;elbow_joint;wrist_1_joint;wrist_2_joint;wrist_3_joint,3.4904054387;-1.5516180808;-1.5589187217;4.6813331412;1.5707963236;5.0612017653
0.49999999999999983,0.06000000000000033,0.5,1,success,0.0,1.0,0.0,0.0,0.0,shoulder_pan_joint;shoulder_lift_joint;elbow_joint;wrist_1_joint;wrist_2_joint;wrist_3_joint,-0.1484648839;4.6980649516;1.5541526350;-1.5398286050;-1.5707963257;-1.7192612110
0.49999999999999983,0.08000000000000035,0.5,1,success,1.5707963267948966,0.7071067811865476,-0.7071067811865475,0.0,-0.0,shoulder_pan_joint;shoulder_lift_joint;elbow_joint;wrist_1_joint;wrist_2_joint;wrist_3_joint,-0.1077359603;-1.5783589751;1.5474714695;-1.5399088215;-1.5707963266;-0.1077359605
0.49999999999999983,0.10000000000000037,0.5,1,success,0.0,1.0,0.0,0.0,0.0,shoulder_pan_joint;shoulder_lift_joint;elbow_joint;wrist_1_joint;wrist_2_joint;wrist_3_joint,-2.6797022565;-1.5718535509;-1.5388827801;4.6815307120;-4.7123879942;-1.1089065108
0.49999999999999983,0.12000000000000038,0.5,1,success,1.5707963267948966,0.7071067811865476,-0.7071067811865475,0.0,-0.0,shoulder_pan_joint;shoulder_lift_joint;elbow_joint;wrist_1_joint;wrist_2_joint;wrist_3_joint,-0.0266891074;-1.5592499354;1.5283212877;-1.5398687495;-1.5707962702;-0.0266890085
0.49999999999999983,0.1400000000000004,0.5,1,success,1.5707963267948966,0.7071067811865476,-0.7071067811865475,0.0,-0.0,shoulder_pan_joint;shoulder_lift_joint;elbow_joint;wrist_1_joint;wrist_2_joint;wrist_3_joint,0.0133742719;-1.5469877745;1.5158242785;-1.5396371497;-1.5707968610;0.0133735070
0.49999999999999983,0.16000000000000042,0.5,1,success,0.0,1.0,0.0,0.0,0.0,shoulder_pan_joint;shoulder_lift_joint;elbow_joint;wrist_1_joint;wrist_2_joint;wrist_3_joint,-2.5751626117;4.6745754596;-1.5013512980;4.6807574787;-4.7123889937;5.2788190222
0.49999999999999983,0.18000000000000044,0.5,1,success,1.5707963267948966,0.7071067811865476,-0.7071067811865475,0.0,-0.0,shoulder_pan_joint;shoulder_lift_joint;elbow_joint;wrist_1_joint;wrist_2_joint;wrist_3_joint,0.0919974635;-1.5172980427;1.4849055547;-1.5384084913;-1.5707964407;0.0919973986
0.49999999999999983,0.20000000000000046,0.5,1,success,1.5707963267948966,0.7071067811865476,-0.7071067811865475,0.0,-0.0,shoulder_pan_joint;shoulder_lift_joint;elbow_joint;wrist_1_joint;wrist_2_joint;wrist_3_joint,0.1303639220;-1.4999719406;1.4664146315;-1.5372442174;-1.5707964114;0.1303638691
0.49999999999999983,0.22000000000000047,0.5,0,no_ik_solution,nan,,,,,,
0.49999999999999983,0.2400000000000005,0.5,0,no_ik_solution,nan,,,,,,
0.49999999999999983,0.2600000000000005,0.5,0,no_ik_solution,nan,,,,,,
0.49999999999999983,0.2800000000000005,0.5,0,no_ik_solution,nan,,,,,,
0.49999999999999983,0.30000000000000054,0.5,0,no_ik_solution,nan,,,,,,
0.5199999999999998,-0.3,0.5,1,success,1.5707963267948966,0.7071067811865476,-0.7071067811865475,0.0,-0.0,shoulder_pan_joint;shoulder_lift_joint;elbow_joint;wrist_1_joint;wrist_2_joint;wrist_3_joint,2.8422247956;-1.7940552729;-1.2897604799;4.6546120942;-4.7123889334;-0.2993678573
0.5199999999999998,-0.27999999999999997,0.5,1,success,1.5707963267948966,0.7071067811865476,-0.7071067811865475,0.0,-0.0,shoulder_pan_joint;shoulder_lift_joint;elbow_joint;wrist_1_joint;wrist_2_joint;wrist_3_joint,2.8753179234;-1.7697206708;-1.3196406479;-1.6230276897;-4.7123888627;6.0169105293
0.5199999999999998,-0.25999999999999995,0.5,1,success,0.0,1.0,0.0,0.0,0.0,shoulder_pan_joint;shoulder_lift_joint;elbow_joint;wrist_1_joint;wrist_2_joint;wrist_3_joint,2.9092859836;-1.7468436157;-1.3471306706;4.6647706133;1.5707963266;4.4800823106
0.5199999999999998,-0.23999999999999994,0.5,1,success,0.0,1.0,0.0,0.0,0.0,shoulder_pan_joint;shoulder_lift_joint;elbow_joint;wrist_1_joint;wrist_2_joint;wrist_3_joint,-3.3390940916;4.5577498092;-1.3723607687;-1.6145927119;1.5707963268;-1.7682977641
0.5199999999999998,-0.21999999999999992,0.5,1,success,1.5707963267948966,0.7071067811865476,-0.7071067811865475,0.0,-0.0,shoulder_pan_joint;shoulder_lift_joint;elbow_joint;wrist_1_joint;wrist_2_joint;wrist_3_joint,-0.6385770901;-1.4360654464;1.3953822321;-1.5301131129;-1.5707963265;-0.6385770903
0.5199999999999998,-0.1999999999999999,0.5,1,success,0.0,1.0,0.0,0.0,0.0,shoulder_pan_joint;shoulder_lift_joint;elbow_joint;wrist_1_joint;wrist_2_joint;wrist_3_joint,5.6744083682;4.8287449836;1.4162522612;-1.5326082346;-1.5707965056;4.1036120667
0.5199999999999998,-0.17999999999999988,0.5,1,success,0.0,1.0,0.0,0.0,0.0,shoulder_pan_joint;shoulder_lift_joint;elbow_joint;wrist_1_joint;wrist_2_joint;wrist_3_joint,-3.2301593489;4.6128355537;-1.4350179406;4.6761640211;1.5707963266;-1.6593630219
0.5199999999999998,-0.15999999999999986,0.5,1,success,1.5707963267948966,0.7071067811865476,-0.7071067811865475,0.0,-0.0,shoulder_pan_joint;shoulder_lift_joint;elbow_joint;wrist_1_joint;wrist_2_joint;wrist_3_joint,-0.5460292452;-1.4864347089;1.4517224747;-1.5360840354;-1.5707962696;-0.5460292638
0.5199999999999998,-0.13999999999999985,0.5,1,success,0.0,1.0,0.0,0.0,0.0,shoulder_pan_joint;shoulder_lift_joint;elbow_joint;wrist_1_joint;wrist_2_joint;wrist_3_joint,-3.1544552744;4.6415564932;-1.4663888863;4.6788140294;-4.7123890814;-1.5836589594
0.5199999999999998,-0.11999999999999983,0.5,1,success,0.0,1.0,0.0,0.0,0.0,shoulder_pan_joint;shoulder_lift_joint;elbow_joint;wrist_1_joint;wrist_2_joint;wrist_3_joint,-3.1159369845;4.6533890095;-1.4790534312;-1.6035392511;-4.7123889806;4.7380446497
0.5199999999999998,-0.09999999999999981,0.5,1,success,0.0,1.0,0.0,0.0,0.0,shoulder_pan_joint;shoulder_lift_joint;elbow_joint;wrist_1_joint;wrist_2_joint;wrist_3_joint,3.2060741864;4.6634824698;-1.4897387100;4.6802378873;-4.7123888082;4.7768705153
0.5199999999999998,-0.0799999999999998,0.5,1,success,0.0,1.0,0.0,0.0,0.0,shoulder_pan_joint;shoulder_lift_joint;elbow_joint;wrist_1_joint;wrist_2_joint;wrist_3_joint,3.2451010543;4.6717931144;-1.4984508787;4.6806393358;-4.7123889681;4.8158973770
0.5199999999999998,-0.059999999999999776,0.5,1,success,0.0,1.0,0.0,0.0,0.0,shoulder_pan_joint;shoulder_lift_joint;elbow_joint;wrist_1_joint;wrist_2_joint;wrist_3_joint,-2.9989767153;4.6782951496;-1.5052159557;4.6809024506;-4.7123889803;-1.4281803883
0.5199999999999998,-0.03999999999999976,0.5,1,success,1.5707963267948966,0.7071067811865476,-0.7071067811865475,0.0,-0.0,shoulder_pan_joint;shoulder_lift_joint;elbow_joint;wrist_1_joint;wrist_2_joint;wrist_3_joint,-0.3352309171;-1.5413667726;1.5100408855;-1.5394706815;-1.5707964153;-0.3352309187
0.5199999999999998,-0.01999999999999974,0.5,1,success,1.5707963267948966,0.7071067811865476,-0.7071067811865475,0.0,-0.0,shoulder_pan_joint;shoulder_lift_joint;elbow_joint;wrist_1_joint;wrist_2_joint;wrist_3_joint,-0.2974867740;-1.5441736313;1.5129330643;-1.5395561950;-1.5707964054;-0.2974867757
0.5199999999999998,2.7755575615628914e-16,0.5,1,success,0.0,1.0,0.0,0.0,0.0,shoulder_pan_joint;shoulder_lift_joint;elbow_joint;wrist_1_joint;wrist_2_joint;wrist_3_joint,3.4008327861;4.6867031667;-1.5138963949;4.6811748842;1.5707963505;4.9716291136
0.5199999999999998,0.020000000000000295,0.5,1,success,0.0,1.0,0.0,0.0,0.0,shoulder_pan_joint;shoulder_lift_joint;elbow_joint;wrist_1_joint;wrist_2_joint;wrist_3_joint,6.0625836973;-1.5441735305;1.5129328410;-1.5395556374;4.7123889805;4.4917873708
0.5199999999999998,0.04000000000000031,0.5,1,success,0.0,1.0,0.0,0.0,0.0,shoulder_pan_joint;shoulder_lift_joint;elbow_joint;wrist_1_joint;wrist_2_joint;wrist_3_joint,-2.8063617083;4.6829593861;-1.5100407665;4.6810629976;-4.7123889784;-1.2355653833
0.5199999999999998,0.06000000000000033,0.5,1,success,1.5707963267948966,0.7071067811865476,-0.7071067811865475,0.0,-0.0,shoulder_pan_joint;shoulder_lift_joint;elbow_joint;wrist_1_joint;wrist_2_joint;wrist_3_joint,-0.1426159251;-1.5367024583;1.5052159172;-1.5393097799;-1.5707963319;-0.1426159247
0.5199999999999998,0.08000000000000035,0.5,1,success,1.5707963267948966,0.7071067811865476,-0.7071067811865475,0.0,-0.0,shoulder_pan_joint;shoulder_lift_joint;elbow_joint;wrist_1_joint;wrist_2_joint;wrist_3_joint,-0.1035080667;-1.5302007976;1.4984511155;-1.5390465937;-1.5707964350;-0.1035080568
0.5199999999999998,0.10000000000000037,0.5,1,success,1.5707963267948966,0.7071067811865476,-0.7071067811865475,0.0,-0.0,shoulder_pan_joint;shoulder_lift_joint;elbow_joint;wrist_1_joint;wrist_2_joint;wrist_3_joint,-0.0644820967;-1.5218900389;1.4897375207;-1.5386435513;-1.5707977551;-0.0644820123
0.5199999999999998,0.12000000000000038,0.5,1,success,0.0,1.0,0.0,0.0,0.0,shoulder_pan_joint;shoulder_lift_joint;elbow_joint;wrist_1_joint;wrist_2_joint;wrist_3_joint,3.6208459248;-1.6297816281;-1.4790694900;4.6796475598;1.5707962238;-1.0915430600
0.5199999999999998,0.1400000000000004,0.5,1,success,0.0,1.0,0.0,0.0,0.0,shoulder_pan_joint;shoulder_lift_joint;elbow_joint;wrist_1_joint;wrist_2_joint;wrist_3_joint,0.0128627167;-1.4999635942;1.4663883985;-1.5372211318;-1.5707963259;4.7252516969
0.5199999999999998,0.16000000000000042,0.5,1,success,1.5707963267948966,0.7071067811865476,-0.7071067811865475,0.0,-0.0,shoulder_pan_joint;shoulder_lift_joint;elbow_joint;wrist_1_joint;wrist_2_joint;wrist_3_joint,0.0509685118;-1.4864318246;1.4517192994;-1.5360840361;-1.5707962985;0.0509685668
0.5199999999999998,0.18000000000000044,0.5,1,success,0.0,1.0,0.0,0.0,0.0,shoulder_pan_joint;shoulder_lift_joint;elbow_joint;wrist_1_joint;wrist_2_joint;wrist_3_joint,3.7195145604;4.6128355530;-1.4350179345;-1.6070212912;1.5707963264;5.2903108873
0.5199999999999998,0.20000000000000046,0.5,1,success,1.5707963267948966,0.7071067811865476,-0.7071067811865475,0.0,-0.0,shoulder_pan_joint;shoulder_lift_joint;elbow_joint;wrist_1_joint;wrist_2_joint;wrist_3_joint,0.1255706471;-1.4544402271;1.4162521131;-1.5326082129;-1.5707963270;0.1255706470
0.5199999999999998,0.22000000000000047,0.5,0,no_ik_solution,nan,,,,,,
0.5199999999999998,0.2400000000000005,0.5,0,no_ik_solution,nan,,,,,,
0.5199999999999998,0.2600000000000005,0.5,0,no_ik_solution,nan,,,,,,
0.5199999999999998,0.2800000000000005,0.5,0,no_ik_solution,nan,,,,,,
0.5199999999999998,0.30000000000000054,0.5,0,no_ik_solution,nan,,,,,,
0.5399999999999998,-0.3,0.5,1,success,0.0,1.0,0.0,0.0,0.0,shoulder_pan_joint;shoulder_lift_joint;elbow_joint;wrist_1_joint;wrist_2_joint;wrist_3_joint,-3.4311930985;4.4451601932;-1.2341992663;-1.6401646099;-4.7123888555;4.4227885338
0.5399999999999998,-0.27999999999999997,0.5,1,success,0.0,1.0,0.0,0.0,0.0,shoulder_pan_joint;shoulder_lift_joint;elbow_joint;wrist_1_joint;wrist_2_joint;wrist_3_joint,2.8841771265;-1.8140435540;-1.2647552076;4.6495950886;-4.7123889802;4.4549734535
0.5399999999999998,-0.25999999999999995,0.5,1,success,0.0,1.0,0.0,0.0,0.0,shoulder_pan_joint;shoulder_lift_joint;elbow_joint;wrist_1_joint;wrist_2_joint;wrist_3_joint,-3.3660256263;4.4916317133;-1.2928587899;4.6552085469;-4.7123885372;-1.7952294826
0.5399999999999998,-0.23999999999999994,0.5,1,success,-1.5707963267948966,0.7071067811865476,0.7071067811865475,0.0,0.0,shoulder_pan_joint;shoulder_lift_joint;elbow_joint;wrist_1_joint;wrist_2_joint;wrist_3_joint,-3.3322825929;-1.7705676157;-1.3185980709;4.6599619010;1.5707967008;-3.3322826800
0.5399999999999998,-0.21999999999999992,0.5,1,success,1.5707963267948966,0.7071067811865476,-0.7071067811865475,0.0,-0.0,shoulder_pan_joint;shoulder_lift_joint;elbow_joint;wrist_1_joint;wrist_2_joint;wrist_3_joint,-0.6175231056;-1.3905081763;1.3420749353;-1.5223628970;-1.5707947764;-0.6175231211
0.5399999999999998,-0.1999999999999999,0.5,1,success,3.141592653589793,-6.123233995736766e-17,1.0,0.0,0.0,shoulder_pan_joint;shoulder_lift_joint;elbow_joint;wrist_1_joint;wrist_2_joint;wrist_3_joint,-0.5883095381;-1.4084238432;1.3633034186;-1.5256759025;-1.5707963266;0.9824867885
0.5399999999999998,-0.17999999999999988,0.5,1,success,0.0,1.0,0.0,0.0,0.0,shoulder_pan_joint;shoulder_lift_joint;elbow_joint;wrist_1_joint;wrist_2_joint;wrist_3_joint,3.0562214758;-1.7168033203;-1.3823952715;-1.6131903882;1.5707963265;-1.6561675044
0.5399999999999998,-0.15999999999999986,0.5,1,success,-1.5707963267948966,0.7071067811865476,0.7071067811865475,0.0,0.0,shoulder_pan_joint;shoulder_lift_joint;elbow_joint;wrist_1_joint;wrist_2_joint;wrist_3_joint,-3.1906996383;4.5811429575;-1.3993682324;4.6722069562;1.5707963365;-3.1906996252
0.5399999999999998,-0.13999999999999985,0.5,1,success,0.0,1.0,0.0,0.0,0.0,shoulder_pan_joint;shoulder_lift_joint;elbow_joint;wrist_1_joint;wrist_2_joint;wrist_3_joint,-3.1539804521;-1.6889109432;-1.4142705595;-1.6092074531;1.5707963275;-1.5831841249
0.5399999999999998,-0.11999999999999983,0.5,1,success,1.5707963267948966,0.7071067811865476,-0.7071067811865475,0.0,-0.0,shoulder_pan_joint;shoulder_lift_joint;elbow_joint;wrist_1_joint;wrist_2_joint;wrist_3_joint,-0.4620378169;-1.4641465697;1.4271296484;-1.5337794055;-1.5707963265;-0.4620378173
0.5399999999999998,-0.09999999999999981,0.5,1,success,0.0,1.0,0.0,0.0,0.0,shoulder_pan_joint;shoulder_lift_joint;elbow_joint;wrist_1_joint;wrist_2_joint;wrist_3_joint,-0.4282850710;4.8092716482;1.4379720331;4.7483310628;4.7123916666;-1.9990817669
0.5399999999999998,-0.0799999999999998,0.5,1,success,0.0,1.0,0.0,0.0,0.0,shoulder_pan_joint;shoulder_lift_joint;elbow_joint;wrist_1_joint;wrist_2_joint;wrist_3_joint,3.2411952193;-1.6596440503;-1.4468155363;-1.6059293944;1.5707963299;4.8119915451
0.5399999999999998,-0.059999999999999776,0.5,1,success,0.0,1.0,0.0,0.0,0.0,shoulder_pan_joint;shoulder_lift_joint;elbow_joint;wrist_1_joint;wrist_2_joint;wrist_3_joint,3.2788077684;-1.6533580732;-1.4536853854;4.6778397925;-4.7123889903;4.8496040952
0.5399999999999998,-0.03999999999999976,0.5,1,success,0.0,1.0,0.0,0.0,0.0,shoulder_pan_joint;shoulder_lift_joint;elbow_joint;wrist_1_joint;wrist_2_joint;wrist_3_joint,-0.3226733382;-1.4927310235;1.4585725184;-1.5366378082;-1.5707962646;-1.8934696913
0.5399999999999998,-0.01999999999999974,0.5,1,success,0.0,1.0,0.0,0.0,0.0,shoulder_pan_joint;shoulder_lift_joint;elbow_joint;wrist_1_joint;wrist_2_joint;wrist_3_joint,5.9969081669;4.7877446365;1.4615085609;-1.5368643001;-1.5707960684;4.4261118504
0.5399999999999998,2.7755575615628914e-16,0.5,1,success,0.0,1.0,0.0,0.0,0.0,shoulder_pan_joint;shoulder_lift_joint;elbow_joint;wrist_1_joint;wrist_2_joint;wrist_3_joint,3.3910228549;-1.6452476191;-1.4624851840;4.6785289710;-4.7123890641;-1.3213661245
0.5399999999999998,0.020000000000000295,0.5,1,success,-1.5707963267948966,0.7071067811865476,0.7071067811865475,0.0,0.0,shoulder_pan_joint;shoulder_lift_joint;elbow_joint;wrist_1_joint;wrist_2_joint;wrist_3_joint,-2.8553168498;-1.6461537147;-1.4615054498;-1.6047298154;1.5707963262;-2.8553168497
0.5399999999999998,0.04000000000000031,0.5,1,success,0.0,1.0,0.0,0.0,0.0,shoulder_pan_joint;shoulder_lift_joint;elbow_joint;wrist_1_joint;wrist_2_joint;wrist_3_joint,3.4642664144;4.6343274709;-1.4585759909;-1.6049558437;-4.7123916901;-1.2481219762
0.5399999999999998,0.06000000000000033,0.5,1,success,0.0,1.0,0.0,0.0,0.0,shoulder_pan_joint;shoulder_lift_joint;elbow_joint;wrist_1_joint;wrist_2_joint;wrist_3_joint,-2.7830616335;4.6298230319;-1.4536811665;-1.6053453294;1.5707963598;5.0709200031
0.5399999999999998,0.08000000000000035,0.5,1,success,1.5707963267948966,0.7071067811865476,-0.7071067811865475,0.0,-0.0,shoulder_pan_joint;shoulder_lift_joint;elbow_joint;wrist_1_joint;wrist_2_joint;wrist_3_joint,-0.0996026280;-1.4819485643;1.4468155814;-1.5356630227;-1.5707959501;-0.0996026289
0.5399999999999998,0.10000000000000037,0.5,1,success,1.5707963267948966,0.7071067811865476,-0.7071067811865475,0.0,-0.0,shoulder_pan_joint;shoulder_lift_joint;elbow_joint;wrist_1_joint;wrist_2_joint;wrist_3_joint,-0.0620630116;-1.4739125329;1.4379714545;-1.5348552411;-1.5707963520;-0.0620630103
0.5399999999999998,0.12000000000000038,0.5,1,success,1.5707963267948966,0.7071067811865476,-0.7071067811865475,0.0,-0.0,shoulder_pan_joint;shoulder_lift_joint;elbow_joint;wrist_1_joint;wrist_2_joint;wrist_3_joint,-0.0246997593;-1.4641473489;1.4271306368;-1.5337795931;-1.5707965703;-0.0246997528
0.5399999999999998,0.1400000000000004,0.5,1,success,-1.5707963267948966,0.7071067811865476,0.7071067811865475,0.0,0.0,shoulder_pan_joint;shoulder_lift_joint;elbow_joint;wrist_1_joint;wrist_2_joint;wrist_3_joint,3.6365528711;4.5942826567;-1.4142804296;4.6739793550;-4.7123889601;-2.6466324388
0.5399999999999998,0.16000000000000042,0.5,1,success,0.0,1.0,0.0,0.0,0.0,shoulder_pan_joint;shoulder_lift_joint;elbow_joint;wrist_1_joint;wrist_2_joint;wrist_3_joint,3.6685965531;4.5811429295;-1.3993681863;4.6722068690;-4.7123889656;5.2393928800
0.5399999999999998,0.18000000000000044,0.5,1,success,0.0,1.0,0.0,0.0,0.0,shoulder_pan_joint;shoulder_lift_joint;elbow_joint;wrist_1_joint;wrist_2_joint;wrist_3_joint,0.0853712115;4.8583980399;1.3823927930;-1.5284018606;4.7123889783;-1.4854251158
0.5399999999999998,0.20000000000000046,0.5,1,success,1.5707963267948966,0.7071067811865476,-0.7071067811865475,0.0,-0.0,shoulder_pan_joint;shoulder_lift_joint;elbow_joint;wrist_1_joint;wrist_2_joint;wrist_3_joint,0.1211017244;-1.4084238855;1.3633035033;-1.5256760039;-1.5707963167;0.1211017430
0.5399999999999998,0.22000000000000047,0.5,0,no_ik_solution,nan,,,,,,
0.5399999999999998,0.2400000000000005,0.5,0,no_ik_solution,nan,,,,,,
0.5399999999999998,0.2600000000000005,0.5,0,no_ik_solution,nan,,,,,,
0.5399999999999998,0.2800000000000005,0.5,0,no_ik_solution,nan,,,,,,
0.5399999999999998,0.30000000000000054,0.5,0,no_ik_solution,nan,,,,,,
0.5599999999999998,-0.3,0.5,1,success,1.5707963267948966,0.7071067811865476,-0.7071067811865475,0.0,-0.0,shoulder_pan_joint;shoulder_lift_joint;elbow_joint;wrist_1_joint;wrist_2_joint;wrist_3_joint,-3.4220071725;4.4000010976;-1.1750150946;4.6289956312;-4.7123889806;6.0027707885
0.5599999999999998,-0.27999999999999997,0.5,1,success,1.5707963267948966,0.7071067811865476,-0.7071067811865475,0.0,-0.0,shoulder_pan_joint;shoulder_lift_joint;elbow_joint;wrist_1_joint;wrist_2_joint;wrist_3_joint,2.8924928422;4.4237656828;-1.2064263976;-1.6465429582;1.5707963266;6.0340854960
0.5599999999999998,-0.25999999999999995,0.5,1,success,1.5707963267948966,0.7071067811865476,-0.7071067811865475,0.0,-0.0,shoulder_pan_joint;shoulder_lift_joint;elbow_joint;wrist_1_joint;wrist_2_joint;wrist_3_joint,2.9245364692;4.4459797593;-1.2352527607;4.6432546350;1.5707963252;-0.2170561840
0.5599999999999998,-0.23999999999999994,0.5,0,no_ik_solution,nan,,,,,,
0.5599999999999998,-0.21999999999999992,0.5,1,success,-1.5707963267948966,0.7071067811865476,0.7071067811865475,0.0,0.0,shoulder_pan_joint;shoulder_lift_joint;elbow_joint;wrist_1_joint;wrist_2_joint;wrist_3_joint,2.9906649251;4.4857844652;-1.2856036094;4.6538008050;-4.7123889852;-3.2925203826
0.5599999999999998,-0.1999999999999999,0.5,1,success,0.0,1.0,0.0,0.0,0.0,shoulder_pan_joint;shoulder_lift_joint;elbow_joint;wrist_1_joint;wrist_2_joint;wrist_3_joint,5.7140733940;-1.3617708861;1.3073069425;-1.5163315796;-1.5707956558;4.1432768178
0.5599999999999998,-0.17999999999999988,0.5,1,success,0.0,1.0,0.0,0.0,0.0,shoulder_pan_joint;shoulder_lift_joint;elbow_joint;wrist_1_joint;wrist_2_joint;wrist_3_joint,-0.5396008192;4.9054019394;1.3268041879;-1.5198172714;-1.5707963017;4.1727881621
0.5599999999999998,-0.15999999999999986,0.5,1,success,0.0,1.0,0.0,0.0,0.0,shoulder_pan_joint;shoulder_lift_joint;elbow_joint;wrist_1_joint;wrist_2_joint;wrist_3_joint,-0.5092236042;4.8909903853;1.3440875777;4.7604963243;4.7123889802;4.2031653760
0.5599999999999998,-0.13999999999999985,0.5,1,success,0.0,1.0,0.0,0.0,0.0,shoulder_pan_joint;shoulder_lift_joint;elbow_joint;wrist_1_joint;wrist_2_joint;wrist_3_joint,-0.4780106221;-1.4049965131;1.3592687688;-1.5250685094;-1.5707961842;-2.0488069505
0.5599999999999998,-0.11999999999999983,0.5,1,success,0.0,1.0,0.0,0.0,0.0,shoulder_pan_joint;shoulder_lift_joint;elbow_joint;wrist_1_joint;wrist_2_joint;wrist_3_joint,-3.1177793726;-1.7254332661;-1.3723634241;4.6685930496;1.5707962454;4.7362022578
0.5599999999999998,-0.09999999999999981,0.5,1,success,0.0,1.0,0.0,0.0,0.0,shoulder_pan_joint;shoulder_lift_joint;elbow_joint;wrist_1_joint;wrist_2_joint;wrist_3_joint,5.8699482414;-1.4256516573;1.3833932160;-1.5285378885;-1.5707963264;-1.9840333921
0.5599999999999998,-0.0799999999999998,0.5,1,success,3.141592653589793,-6.123233995736766e-17,1.0,0.0,0.0,shoulder_pan_joint;shoulder_lift_joint;elbow_joint;wrist_1_joint;wrist_2_joint;wrist_3_joint,-0.3797775372;-1.4334563391;1.3923893845;-1.5297293751;-1.5707963366;1.1910187877
0.5599999999999998,-0.059999999999999776,0.5,1,success,0.0,1.0,0.0,0.0,0.0,shoulder_pan_joint;shoulder_lift_joint;elbow_joint;wrist_1_joint;wrist_2_joint;wrist_3_joint,-3.0093798712;4.5811429355;-1.3993682004;-1.6109784081;1.5707963266;-1.4385835442
0.5599999999999998,-0.03999999999999976,0.5,0,no_ik_solution,nan,,,,,,
0.5599999999999998,-0.01999999999999974,0.5,1,success,1.5707963267948966,0.7071067811865476,-0.7071067811865475,0.0,-0.0,shoulder_pan_joint;shoulder_lift_joint;elbow_joint;wrist_1_joint;wrist_2_joint;wrist_3_joint,-0.2758884111;-1.4465479973;1.4073544902;-1.5316028337;-1.5707963173;-0.2758884059
0.5599999999999998,2.7755575615628914e-16,0.5,1,success,1.5707963267948966,0.7071067811865476,-0.7071067811865475,0.0,-0.0,shoulder_pan_joint;shoulder_lift_joint;elbow_joint;wrist_1_joint;wrist_2_joint;wrist_3_joint,-0.2403429387;-1.4474169029;1.4083180332;-1.5316975186;-1.5707962848;-0.2403429060
0.5599999999999998,0.020000000000000295,0.5,1,success,1.5707963267948966,0.7071067811865476,-0.7071067811865475,0.0,-0.0,shoulder_pan_joint;shoulder_lift_joint;elbow_joint;wrist_1_joint;wrist_2_joint;wrist_3_joint,-0.2044876699;-1.4465410415;1.4073248517;-1.5315801410;-1.5707963250;-0.2044876453
0.5599999999999998,0.04000000000000031,0.5,1,success,1.5707963267948966,0.7071067811865476,-0.7071067811865475,0.0,-0.0,shoulder_pan_joint;shoulder_lift_joint;elbow_joint;wrist_1_joint;wrist_2_joint;wrist_3_joint,-0.1684126950;-1.4439162107;1.4043435028;-1.5312235254;-1.5707963079;-0.1684127034
0.5599999999999998,0.06000000000000033,0.5,1,success,0.0,1.0,0.0,0.0,0.0,shoulder_pan_joint;shoulder_lift_joint;elbow_joint;wrist_1_joint;wrist_2_joint;wrist_3_joint,-2.7959085252;4.5811432067;-1.3993685162;-1.6109783605;1.5707963092;5.0580731082
0.5599999999999998,0.08000000000000035,0.5,1,success,0.0,1.0,0.0,0.0,0.0,shoulder_pan_joint;shoulder_lift_joint;elbow_joint;wrist_1_joint;wrist_2_joint;wrist_3_joint,-0.0959834313;-1.4334563309;1.3923893807;-1.5297293871;-1.5707963249;-1.6667797552
0.5599999999999998,0.10000000000000037,0.5,1,success,1.5707963267948966,0.7071067811865476,-0.7071067811865475,0.0,-0.0,shoulder_pan_joint;shoulder_lift_joint;elbow_joint;wrist_1_joint;wrist_2_joint;wrist_3_joint,-0.0598193556;-1.4256528464;1.3833945631;-1.5285380437;-1.5707963261;-0.0598193558
0.5599999999999998,0.12000000000000038,0.5,1,success,1.5707963267948966,0.7071067811865476,-0.7071067811865475,0.0,-0.0,shoulder_pan_joint;shoulder_lift_joint;elbow_joint;wrist_1_joint;wrist_2_joint;wrist_3_joint,-0.0238128561;-1.4161691299;1.3723755946;-1.5270027250;-1.5707963545;-0.0238128509
0.5599999999999998,0.1400000000000004,0.5,1,success,0.0,1.0,0.0,0.0,0.0,shoulder_pan_joint;shoulder_lift_joint;elbow_joint;wrist_1_joint;wrist_2_joint;wrist_3_joint,-2.6635809666;4.5465909360;-1.3592726123;4.6666632952;-4.7123889639;-1.0927846399
0.5599999999999998,0.16000000000000042,0.5,1,success,1.5707963267948966,0.7071067811865476,-0.7071067811865475,0.0,-0.0,shoulder_pan_joint;shoulder_lift_joint;elbow_joint;wrist_1_joint;wrist_2_joint;wrist_3_joint,0.0473759695;-1.3921958266;1.3440889081;-1.5226894430;-1.5707966705;0.0473759547
0.5599999999999998,0.18000000000000044,0.5,1,success,0.0,1.0,0.0,0.0,0.0,shoulder_pan_joint;shoulder_lift_joint;elbow_joint;wrist_1_joint;wrist_2_joint;wrist_3_joint,-2.6019916649;4.5193706608;-1.3267810051;-1.6217933287;1.5707963262;-1.0311953379
0.5599999999999998,0.20000000000000046,0.5,1,success,1.5707963267948966,0.7071067811865476,-0.7071067811865475,0.0,-0.0,shoulder_pan_joint;shoulder_lift_joint;elbow_joint;wrist_1_joint;wrist_2_joint;wrist_3_joint,0.1169345009;-1.3617693701;1.3073037642;-1.5163307211;-1.5707963266;0.1169345007
0.5599999999999998,0.22000000000000047,0.5,0,no_ik_solution,nan,,,,,,
0.5599999999999998,0.2400000000000005,0.5,0,no_ik_solution,nan,,,,,,
0.5599999999999998,0.2600000000000005,0.5,0,no_ik_solution,nan,,,,,,
0.5599999999999998,0.2800000000000005,0.5,0,no_ik_solution,nan,,,,,,
0.5599999999999998,0.30000000000000054,0.5,0,no_ik_solution,nan,,,,,,
0.5799999999999998,-0.3,0.5,1,success,1.5707963267948966,0.7071067811865476,-0.7071067811865475,0.0,-0.0,shoulder_pan_joint;shoulder_lift_joint;elbow_joint;wrist_1_joint;wrist_2_joint;wrist_3_joint,-3.4133560583;4.3534223248;-1.1117407867;4.6123000958;1.5707963266;-0.2717634045
0.5799999999999998,-0.27999999999999997,0.5,1,success,1.5707963267948966,0.7071067811865476,-0.7071067811865475,0.0,-0.0,shoulder_pan_joint;shoulder_lift_joint;elbow_joint;wrist_1_joint;wrist_2_joint;wrist_3_joint,-3.3828737397;-1.9060733979;-1.1442033714;-1.6621122102;1.5707963267;-0.2412810858
0.5799999999999998,-0.25999999999999995,0.5,0,no_ik_solution,nan,,,,,,
0.5799999999999998,-0.23999999999999994,0.5,1,success,0.0,1.0,0.0,0.0,0.0,shoulder_pan_joint;shoulder_lift_joint;elbow_joint;wrist_1_joint;wrist_2_joint;wrist_3_joint,2.9632465872;4.4196623881;-1.2010450275;4.6353642736;-4.7123889806;-1.7491423930
0.5799999999999998,-0.21999999999999992,0.5,1,success,3.141592653589793,-6.123233995736766e-17,1.0,0.0,0.0,shoulder_pan_joint;shoulder_lift_joint;elbow_joint;wrist_1_joint;wrist_2_joint;wrist_3_joint,-3.2875594636;4.4385633618;-1.2256862867;4.6411041801;1.5707960356;1.4248295646
0.5799999999999998,-0.1999999999999999,0.5,1,success,0.0,1.0,0.0,0.0,0.0,shoulder_pan_joint;shoulder_lift_joint;elbow_joint;wrist_1_joint;wrist_2_joint;wrist_3_joint,3.0285528461;4.4558886038;-1.2479433181;-1.6371489807;-4.7123890824;4.5993491860
0.5799999999999998,-0.17999999999999988,0.5,1,success,1.5707963267948966,0.7071067811865476,-0.7071067811865475,0.0,-0.0,shoulder_pan_joint;shoulder_lift_joint;elbow_joint;wrist_1_joint;wrist_2_joint;wrist_3_joint,-0.5222222274;-1.3300402843;1.2678945776;-1.5086505742;-1.5707965254;-0.5222222031
0.5799999999999998,-0.15999999999999986,0.5,1,success,0.0,1.0,0.0,0.0,0.0,shoulder_pan_joint;shoulder_lift_joint;elbow_joint;wrist_1_joint;wrist_2_joint;wrist_3_joint,3.0958310976;-1.7974008614;-1.2856048037;-1.6293833149;-4.7123889808;-1.6165578826
0.5799999999999998,-0.13999999999999985,0.5,1,success,1.5707963267948966,0.7071067811865476,-0.7071067811865475,0.0,-0.0,shoulder_pan_joint;shoulder_lift_joint;elbow_joint;wrist_1_joint;wrist_2_joint;wrist_3_joint,-0.4621615991;-1.3567354227;1.3011228225;-1.5151841730;-1.5707963492;-0.4621616008
0.5799999999999998,-0.11999999999999983,0.5,1,success,0.0,1.0,0.0,0.0,0.0,shoulder_pan_joint;shoulder_lift_joint;elbow_joint;wrist_1_joint;wrist_2_joint;wrist_3_joint,3.1645803766;4.5092476763;-1.3144964350;4.6592303929;-4.7123889806;4.7353767036
0.5799999999999998,-0.09999999999999981,0.5,1,success,3.141592653589793,-6.123233995736766e-17,1.0,0.0,0.0,shoulder_pan_joint;shoulder_lift_joint;elbow_joint;wrist_1_joint;wrist_2_joint;wrist_3_joint,-0.3992035206;-1.3769325843;1.3257592394;-1.5196229883;-1.5707963462;1.1715928019
0.5799999999999998,-0.0799999999999998,0.5,1,success,0.0,1.0,0.0,0.0,0.0,shoulder_pan_joint;shoulder_lift_joint;elbow_joint;wrist_1_joint;wrist_2_joint;wrist_3_joint,3.2342127932;-1.7570419075;-1.3349389348;-1.6204081395;-4.7123889796;-1.4781761884
0.5799999999999998,-0.059999999999999776,0.5,1,success,0.0,1.0,0.0,0.0,0.0,shoulder_pan_joint;shoulder_lift_joint;elbow_joint;wrist_1_joint;wrist_2_joint;wrist_3_joint,3.2691582286;4.5320865467;-1.3420571584;-1.6192330621;-4.7123889797;4.8399545554
0.5799999999999998,-0.03999999999999976,0.5,1,success,1.5707963267948966,0.7071067811865476,-0.7071067811865475,0.0,-0.0,shoulder_pan_joint;shoulder_lift_joint;elbow_joint;wrist_1_joint;wrist_2_joint;wrist_3_joint,-0.3001974541;-1.3947489829;1.3471304066;-1.5231777507;-1.5707963266;-0.3001974543
0.5799999999999998,-0.01999999999999974,0.5,1,success,0.0,1.0,0.0,0.0,0.0,shoulder_pan_joint;shoulder_lift_joint;elbow_joint;wrist_1_joint;wrist_2_joint;wrist_3_joint,-0.2662293541;-1.3973061307;1.3501699156;4.7595251953;4.7123889805;-1.8370256811
0.5799999999999998,2.7755575615628914e-16,0.5,1,success,0.0,1.0,0.0,0.0,0.0,shoulder_pan_joint;shoulder_lift_joint;elbow_joint;wrist_1_joint;wrist_2_joint;wrist_3_joint,6.0512848031;4.8850257575;1.3511827535;-1.5238194941;-1.5707964939;-1.8026968132
0.5799999999999998,0.020000000000000295,0.5,1,success,0.0,1.0,0.0,0.0,0.0,shoulder_pan_joint;shoulder_lift_joint;elbow_joint;wrist_1_joint;wrist_2_joint;wrist_3_joint,-2.8753632989;4.5388993466;-1.3501729394;-1.6179300803;1.5707963266;-1.3045669720
0.5799999999999998,0.04000000000000031,0.5,1,success,-1.5707963267948966,0.7071067811865476,0.7071067811865475,0.0,0.0,shoulder_pan_joint;shoulder_lift_joint;elbow_joint;wrist_1_joint;wrist_2_joint;wrist_3_joint,-2.8413951990;-1.7468436687;-1.3471304148;4.6647704105;1.5707963266;-2.8413951988
0.5799999999999998,0.06000000000000033,0.5,1,success,1.5707963267948966,0.7071067811865476,-0.7071067811865475,0.0,-0.0,shoulder_pan_joint;shoulder_lift_joint;elbow_joint;wrist_1_joint;wrist_2_joint;wrist_3_joint,-0.1275655719;-1.3904938906;1.3420571533;-1.5223595918;-1.5707963297;-0.1275655724
0.5799999999999998,0.08000000000000035,0.5,1,success,0.0,1.0,0.0,0.0,0.0,shoulder_pan_joint;shoulder_lift_joint;elbow_joint;wrist_1_joint;wrist_2_joint;wrist_3_joint,-0.0926177212;-1.3845723499;1.3349698173;-1.5211934449;4.7123889387;-1.6634140446
0.5799999999999998,0.10000000000000037,0.5,1,success,1.5707963267948966,0.7071067811865476,-0.7071067811865475,0.0,-0.0,shoulder_pan_joint;shoulder_lift_joint;elbow_joint;wrist_1_joint;wrist_2_joint;wrist_3_joint,-0.0577331178;-1.3769325795;1.3257592089;-1.5196229560;-1.5707963232;-0.0577331232
0.5799999999999998,0.12000000000000038,0.5,1,success,0.0,1.0,0.0,0.0,0.0,shoulder_pan_joint;shoulder_lift_joint;elbow_joint;wrist_1_joint;wrist_2_joint;wrist_3_joint,-2.7105689801;-1.7739375886;-1.3144966442;-1.6239547452;-4.7123889824;5.1434126519
0.5799999999999998,0.1400000000000004,0.5,1,success,0.0,1.0,0.0,0.0,0.0,shoulder_pan_joint;shoulder_lift_joint;elbow_joint;wrist_1_joint;wrist_2_joint;wrist_3_joint,-2.6794310506;4.4983279622;-1.3011225684;-1.6264090669;-4.7123889808;-1.1086347236
0.5799999999999998,0.16000000000000042,0.5,1,success,1.5707963267948966,0.7071067811865476,-0.7071067811865475,0.0,-0.0,shoulder_pan_joint;shoulder_lift_joint;elbow_joint;wrist_1_joint;wrist_2_joint;wrist_3_joint,3.6341659701;4.4857839204;-1.2856028893;-1.6293846833;1.5707963425;0.4925733167
0.5799999999999998,0.18000000000000044,0.5,1,success,1.5707963267948966,0.7071067811865476,-0.7071067811865475,0.0,-0.0,shoulder_pan_joint;shoulder_lift_joint;elbow_joint;wrist_1_joint;wrist_2_joint;wrist_3_joint,0.0796182876;-1.3300401204;1.2678945019;-1.5086507220;-1.5707964039;0.0796182822
0.5799999999999998,0.20000000000000046,0.5,1,success,1.5707963267948966,0.7071067811865476,-0.7071067811865475,0.0,-0.0,shoulder_pan_joint;shoulder_lift_joint;elbow_joint;wrist_1_joint;wrist_2_joint;wrist_3_joint,0.1130401818;-1.3142971701;1.2479453864;-1.5044446320;-1.5707967321;0.1130401362
0.5799999999999998,0.22000000000000047,0.5,0,no_ik_solution,nan,,,,,,
0.5799999999999998,0.2400000000000005,0.5,0,no_ik_solution,nan,,,,,,
0.5799999999999998,0.2600000000000005,0.5,0,no_ik_solution,nan,,,,,,
0.5799999999999998,0.2800000000000005,0.5,0,no_ik_solution,nan,,,,,,
0.5799999999999998,0.30000000000000054,0.5,0,no_ik_solution,nan,,,,,,
0.5999999999999999,-0.3,0.5,1,success,0.0,1.0,0.0,0.0,0.0,shoulder_pan_joint;shoulder_lift_joint;elbow_joint;wrist_1_joint;wrist_2_joint;wrist_3_joint,-3.4051968257;4.3050965552;-1.0437217998;-1.6905784392;-4.7123889676;-1.8344004988
0.5999999999999999,-0.27999999999999997,0.5,1,success,1.5707963267948966,0.7071067811865476,-0.7071067811865475,0.0,-0.0,shoulder_pan_joint;shoulder_lift_joint;elbow_joint;wrist_1_joint;wrist_2_joint;wrist_3_joint,2.9076745835;4.3288879247;-1.0775086770;-1.6805829206;1.5707963266;-0.2339180699
0.5999999999999999,-0.25999999999999995,0.5,1,success,3.141592653589793,-6.123233995736766e-17,1.0,0.0,0.0,shoulder_pan_joint;shoulder_lift_joint;elbow_joint;wrist_1_joint;wrist_2_joint;wrist_3_joint,-3.3452119646;4.3509720912;-1.1083493078;4.6113568521;1.5707994883;-4.9160103185
0.5999999999999999,-0.23999999999999994,0.5,1,success,0.0,1.0,0.0,0.0,0.0,shoulder_pan_joint;shoulder_lift_joint;elbow_joint;wrist_1_joint;wrist_2_joint;wrist_3_joint,-3.3143308619;4.3713937714;-1.1364209066;4.6190087674;-4.7123890179;-1.7435345330
0.5999999999999999,-0.21999999999999992,0.5,0,no_ik_solution,nan,,,,,,
0.5999999999999999,-0.1999999999999999,0.5,1,success,0.0,1.0,0.0,0.0,0.0,shoulder_pan_joint;shoulder_lift_joint;elbow_joint;wrist_1_joint;wrist_2_joint;wrist_3_joint,3.0322008267;4.4073691787;-1.1848179205;4.6314300874;1.5707963184;4.6029971581
0.5999999999999999,-0.17999999999999988,0.5,1,success,1.5707963267948966,0.7071067811865476,-0.7071067811865475,0.0,-0.0,shoulder_pan_joint;shoulder_lift_joint;elbow_joint;wrist_1_joint;wrist_2_joint;wrist_3_joint,3.0645725238;4.4229450772;-1.2053522028;4.6363887614;1.5707963267;-0.0770201296
0.5999999999999999,-0.15999999999999986,0.5,1,success,0.0,1.0,0.0,0.0,0.0,shoulder_pan_joint;shoulder_lift_joint;elbow_joint;wrist_1_joint;wrist_2_joint;wrist_3_joint,-3.1858460348;-1.8462681406;-1.2235551722;4.6406196368;-4.7123889610;4.6681355971
0.5999999999999999,-0.13999999999999985,0.5,1,success,1.5707963267948966,0.7071067811865476,-0.7071067811865475,0.0,-0.0,shoulder_pan_joint;shoulder_lift_joint;elbow_joint;wrist_1_joint;wrist_2_joint;wrist_3_joint,-0.4473114736;-1.3076872848;1.2394908719;-1.5025999140;-1.5707963267;-0.4473114738
0.5999999999999999,-0.11999999999999983,0.5,1,success,1.5707963267948966,0.7071067811865476,-0.7071067811865475,0.0,-0.0,shoulder_pan_joint;shoulder_lift_joint;elbow_joint;wrist_1_joint;wrist_2_joint;wrist_3_joint,-0.4170086070;-1.3184333084;1.2532140790;-1.5055770955;-1.5707963363;-0.4170086070
0.5999999999999999,-0.09999999999999981,0.5,1,success,1.5707963267948966,0.7071067811865476,-0.7071067811865475,0.0,-0.0,shoulder_pan_joint;shoulder_lift_joint;elbow_joint;wrist_1_joint;wrist_2_joint;wrist_3_joint,-0.3860855347;-1.3275493077;1.2647560173;-1.5080029281;-1.5707968788;-0.3860855345
0.5999999999999999,-0.0799999999999998,0.5,1,success,1.5707963267948966,0.7071067811865476,-0.7071067811865475,0.0,-0.0,shoulder_pan_joint;shoulder_lift_joint;elbow_joint;wrist_1_joint;wrist_2_joint;wrist_3_joint,-0.3545892772;-1.3350270887;1.2741592123;-1.5099284506;-1.5707963267;-0.3545892775
0.5999999999999999,-0.059999999999999776,0.5,1,success,1.5707963267948966,0.7071067811865476,-0.7071067811865475,0.0,-0.0,shoulder_pan_joint;shoulder_lift_joint;elbow_joint;wrist_1_joint;wrist_2_joint;wrist_3_joint,-0.3225740794;-1.3408555068;1.2814476776;-1.5113884978;-1.5707963213;-0.3225740796
0.5999999999999999,-0.03999999999999976,0.5,1,success,1.5707963267948966,0.7071067811865476,-0.7071067811865475,0.0,-0.0,shoulder_pan_joint;shoulder_lift_joint;elbow_joint;wrist_1_joint;wrist_2_joint;wrist_3_joint,-0.2900989337;-1.3450268091;1.2866434119;-1.5124129394;-1.5707963061;-0.2900989337
0.5999999999999999,-0.01999999999999974,0.5,1,success,1.5707963267948966,0.7071067811865476,-0.7071067811865475,0.0,-0.0,shoulder_pan_joint;shoulder_lift_joint;elbow_joint;wrist_1_joint;wrist_2_joint;wrist_3_joint,-0.2572306362;-1.3475313170;1.2897516193;-1.5130166287;-1.5707963263;-0.2572306365
0.5999999999999999,2.7755575615628914e-16,0.5,1,success,1.5707963267948966,0.7071067811865476,-0.7071067811865475,0.0,-0.0,shoulder_pan_joint;shoulder_lift_joint;elbow_joint;wrist_1_joint;wrist_2_joint;wrist_3_joint,-0.2240357888;-1.3483675944;1.2907888851;-1.5132176298;-1.5707963362;-0.2240357892
0.5999999999999999,0.020000000000000295,0.5,1,success,1.5707963267948966,0.7071067811865476,-0.7071067811865475,0.0,-0.0,shoulder_pan_joint;shoulder_lift_joint;elbow_joint;wrist_1_joint;wrist_2_joint;wrist_3_joint,-0.1905886596;-1.3475308660;1.2897510769;-1.5130168441;-1.5707961783;-0.1905886396
0.5999999999999999,0.04000000000000031,0.5,1,success,1.5707963267948966,0.7071067811865476,-0.7071067811865475,0.0,-0.0,shoulder_pan_joint;shoulder_lift_joint;elbow_joint;wrist_1_joint;wrist_2_joint;wrist_3_joint,-0.1569632893;-1.3450257800;1.2866405667;-1.5124112801;-1.5707963963;-0.1569632964
0.5999999999999999,0.06000000000000033,0.5,1,success,1.5707963267948966,0.7071067811865476,-0.7071067811865475,0.0,-0.0,shoulder_pan_joint;shoulder_lift_joint;elbow_joint;wrist_1_joint;wrist_2_joint;wrist_3_joint,-0.1232367429;-1.3408555219;1.2814477206;-1.5113886261;-1.5707965082;-0.1232367563
0.5999999999999999,0.08000000000000035,0.5,1,success,1.5707963267948966,0.7071067811865476,-0.7071067811865475,0.0,-0.0,shoulder_pan_joint;shoulder_lift_joint;elbow_joint;wrist_1_joint;wrist_2_joint;wrist_3_joint,3.4961819308;4.4766196236;-1.2741590470;-1.6316642496;1.5707963266;-5.9285960298
0.5999999999999999,0.10000000000000037,0.5,1,success,3.141592653589793,-6.123233995736766e-17,1.0,0.0,0.0,shoulder_pan_joint;shoulder_lift_joint;elbow_joint;wrist_1_joint;wrist_2_joint;wrist_3_joint,-0.0557825442;-1.3275590817;1.2647760396;-1.5080149663;-1.5708055083;1.5150105434
0.5999999999999999,0.12000000000000038,0.5,1,success,0.0,1.0,0.0,0.0,0.0,shoulder_pan_joint;shoulder_lift_joint;elbow_joint;wrist_1_joint;wrist_2_joint;wrist_3_joint,3.5586014542;4.4600251387;-1.2532106644;-1.6360181689;1.5707959888;5.1293978103
0.5999999999999999,0.1400000000000004,0.5,1,success,0.0,1.0,0.0,0.0,0.0,shoulder_pan_joint;shoulder_lift_joint;elbow_joint;wrist_1_joint;wrist_2_joint;wrist_3_joint,0.0111529884;4.9754974114;1.2394903599;4.7805886793;-1.5707993340;4.7235446187
0.5999999999999999,0.16000000000000042,0.5,0,no_ik_solution,nan,,,,,,
0.5999999999999999,0.18000000000000044,0.5,1,success,-1.5707963267948966,0.7071067811865476,0.7071067811865475,0.0,0.0,shoulder_pan_joint;shoulder_lift_joint;elbow_joint;wrist_1_joint;wrist_2_joint;wrist_3_joint,0.0770200848;-1.2813521980;1.2053514030;-1.4947955319;-1.5707963265;3.2186127382
0.5999999999999999,0.20000000000000046,0.5,1,success,1.5707963267948966,0.7071067811865476,-0.7071067811865475,0.0,-0.0,shoulder_pan_joint;shoulder_lift_joint;elbow_joint;wrist_1_joint;wrist_2_joint;wrist_3_joint,0.1093922568;-1.2657754812;1.1848158160;-1.4898366619;-1.5707963266;0.1093922566
0.5999999999999999,0.22000000000000047,0.5,0,no_ik_solution,nan,,,,,,
0.5999999999999999,0.2400000000000005,0.5,0,no_ik_solution,nan,,,,,,
0.5999999999999999,0.2600000000000005,0.5,0,no_ik_solution,nan,,,,,,
0.5999999999999999,0.2800000000000005,0.5,0,no_ik_solution,nan,,,,,,
0.5999999999999999,0.30000000000000054,0.5,0,no_ik_solution,nan,,,,,,
0.6199999999999999,-0.3,0.5,0,no_ik_solution,nan,,,,,,
0.6199999999999999,-0.27999999999999997,0.5,0,no_ik_solution,nan,,,,,,
0.6199999999999999,-0.25999999999999995,0.5,0,no_ik_solution,nan,,,,,,
0.6199999999999999,-0.23999999999999994,0.5,0,no_ik_solution,nan,,,,,,
0.6199999999999999,-0.21999999999999992,0.5,0,no_ik_solution,nan,,,,,,
0.6199999999999999,-0.1999999999999999,0.5,0,no_ik_solution,nan,,,,,,
0.6199999999999999,-0.17999999999999988,0.5,0,no_ik_solution,nan,,,,,,
0.6199999999999999,-0.15999999999999986,0.5,0,no_ik_solution,nan,,,,,,
0.6199999999999999,-0.13999999999999985,0.5,0,no_ik_solution,nan,,,,,,
0.6199999999999999,-0.11999999999999983,0.5,0,no_ik_solution,nan,,,,,,
0.6199999999999999,-0.09999999999999981,0.5,0,no_ik_solution,nan,,,,,,
0.6199999999999999,-0.0799999999999998,0.5,0,no_ik_solution,nan,,,,,,
0.6199999999999999,-0.059999999999999776,0.5,0,no_ik_solution,nan,,,,,,
0.6199999999999999,-0.03999999999999976,0.5,0,no_ik_solution,nan,,,,,,
0.6199999999999999,-0.01999999999999974,0.5,0,no_ik_solution,nan,,,,,,
0.6199999999999999,2.7755575615628914e-16,0.5,0,no_ik_solution,nan,,,,,,
0.6199999999999999,0.020000000000000295,0.5,0,no_ik_solution,nan,,,,,,
0.6199999999999999,0.04000000000000031,0.5,0,no_ik_solution,nan,,,,,,
0.6199999999999999,0.06000000000000033,0.5,0,no_ik_solution,nan,,,,,,
0.6199999999999999,0.08000000000000035,0.5,0,no_ik_solution,nan,,,,,,
0.6199999999999999,0.10000000000000037,0.5,0,no_ik_solution,nan,,,,,,
0.6199999999999999,0.12000000000000038,0.5,0,no_ik_solution,nan,,,,,,
0.6199999999999999,0.1400000000000004,0.5,0,no_ik_solution,nan,,,,,,
0.6199999999999999,0.16000000000000042,0.5,0,no_ik_solution,nan,,,,,,
0.6199999999999999,0.18000000000000044,0.5,0,no_ik_solution,nan,,,,,,
0.6199999999999999,0.20000000000000046,0.5,0,no_ik_solution,nan,,,,,,
0.6199999999999999,0.22000000000000047,0.5,0,no_ik_solution,nan,,,,,,
0.6199999999999999,0.2400000000000005,0.5,0,no_ik_solution,nan,,,,,,
0.6199999999999999,0.2600000000000005,0.5,0,no_ik_solution,nan,,,,,,
0.6199999999999999,0.2800000000000005,0.5,0,no_ik_solution,nan,,,,,,
0.6199999999999999,0.30000000000000054,0.5,0,no_ik_solution,nan,,,,,,
0.6399999999999998,-0.3,0.5,0,no_ik_solution,nan,,,,,,
0.6399999999999998,-0.27999999999999997,0.5,0,no_ik_solution,nan,,,,,,
0.6399999999999998,-0.25999999999999995,0.5,0,no_ik_solution,nan,,,,,,
0.6399999999999998,-0.23999999999999994,0.5,0,no_ik_solution,nan,,,,,,
0.6399999999999998,-0.21999999999999992,0.5,0,no_ik_solution,nan,,,,,,
0.6399999999999998,-0.1999999999999999,0.5,0,no_ik_solution,nan,,,,,,
0.6399999999999998,-0.17999999999999988,0.5,0,no_ik_solution,nan,,,,,,
0.6399999999999998,-0.15999999999999986,0.5,0,no_ik_solution,nan,,,,,,
0.6399999999999998,-0.13999999999999985,0.5,0,no_ik_solution,nan,,,,,,
0.6399999999999998,-0.11999999999999983,0.5,0,no_ik_solution,nan,,,,,,
0.6399999999999998,-0.09999999999999981,0.5,0,no_ik_solution,nan,,,,,,
0.6399999999999998,-0.0799999999999998,0.5,0,no_ik_solution,nan,,,,,,
0.6399999999999998,-0.059999999999999776,0.5,0,no_ik_solution,nan,,,,,,
0.6399999999999998,-0.03999999999999976,0.5,0,no_ik_solution,nan,,,,,,
0.6399999999999998,-0.01999999999999974,0.5,0,no_ik_solution,nan,,,,,,
0.6399999999999998,2.7755575615628914e-16,0.5,0,no_ik_solution,nan,,,,,,
0.6399999999999998,0.020000000000000295,0.5,0,no_ik_solution,nan,,,,,,
0.6399999999999998,0.04000000000000031,0.5,0,no_ik_solution,nan,,,,,,
0.6399999999999998,0.06000000000000033,0.5,0,no_ik_solution,nan,,,,,,
0.6399999999999998,0.08000000000000035,0.5,0,no_ik_solution,nan,,,,,,
0.6399999999999998,0.10000000000000037,0.5,0,no_ik_solution,nan,,,,,,
0.6399999999999998,0.12000000000000038,0.5,0,no_ik_solution,nan,,,,,,
0.6399999999999998,0.1400000000000004,0.5,0,no_ik_solution,nan,,,,,,
0.6399999999999998,0.16000000000000042,0.5,0,no_ik_solution,nan,,,,,,
0.6399999999999998,0.18000000000000044,0.5,0,no_ik_solution,nan,,,,,,
0.6399999999999998,0.20000000000000046,0.5,0,no_ik_solution,nan,,,,,,
0.6399999999999998,0.22000000000000047,0.5,0,no_ik_solution,nan,,,,,,
0.6399999999999998,0.2400000000000005,0.5,0,no_ik_solution,nan,,,,,,
0.6399999999999998,0.2600000000000005,0.5,0,no_ik_solution,nan,,,,,,
0.6399999999999998,0.2800000000000005,0.5,0,no_ik_solution,nan,,,,,,
0.6399999999999998,0.30000000000000054,0.5,0,no_ik_solution,nan,,,,,,
0.6599999999999997,-0.3,0.5,0,no_ik_solution,nan,,,,,,
0.6599999999999997,-0.27999999999999997,0.5,0,no_ik_solution,nan,,,,,,
0.6599999999999997,-0.25999999999999995,0.5,0,no_ik_solution,nan,,,,,,
0.6599999999999997,-0.23999999999999994,0.5,0,no_ik_solution,nan,,,,,,
0.6599999999999997,-0.21999999999999992,0.5,0,no_ik_solution,nan,,,,,,
0.6599999999999997,-0.1999999999999999,0.5,0,no_ik_solution,nan,,,,,,
0.6599999999999997,-0.17999999999999988,0.5,0,no_ik_solution,nan,,,,,,
0.6599999999999997,-0.15999999999999986,0.5,0,no_ik_solution,nan,,,,,,
0.6599999999999997,-0.13999999999999985,0.5,0,no_ik_solution,nan,,,,,,
0.6599999999999997,-0.11999999999999983,0.5,0,no_ik_solution,nan,,,,,,
0.6599999999999997,-0.09999999999999981,0.5,0,no_ik_solution,nan,,,,,,
0.6599999999999997,-0.0799999999999998,0.5,0,no_ik_solution,nan,,,,,,
0.6599999999999997,-0.059999999999999776,0.5,0,no_ik_solution,nan,,,,,,
0.6599999999999997,-0.03999999999999976,0.5,0,no_ik_solution,nan,,,,,,
0.6599999999999997,-0.01999999999999974,0.5,0,no_ik_solution,nan,,,,,,
0.6599999999999997,2.7755575615628914e-16,0.5,0,no_ik_solution,nan,,,,,,
0.6599999999999997,0.020000000000000295,0.5,0,no_ik_solution,nan,,,,,,
0.6599999999999997,0.04000000000000031,0.5,0,no_ik_solution,nan,,,,,,
0.6599999999999997,0.06000000000000033,0.5,0,no_ik_solution,nan,,,,,,
0.6599999999999997,0.08000000000000035,0.5,0,no_ik_solution,nan,,,,,,
0.6599999999999997,0.10000000000000037,0.5,0,no_ik_solution,nan,,,,,,
0.6599999999999997,0.12000000000000038,0.5,0,no_ik_solution,nan,,,,,,
0.6599999999999997,0.1400000000000004,0.5,0,no_ik_solution,nan,,,,,,
0.6599999999999997,0.16000000000000042,0.5,0,no_ik_solution,nan,,,,,,
0.6599999999999997,0.18000000000000044,0.5,0,no_ik_solution,nan,,,,,,
0.6599999999999997,0.20000000000000046,0.5,0,no_ik_solution,nan,,,,,,
0.6599999999999997,0.22000000000000047,0.5,0,no_ik_solution,nan,,,,,,
0.6599999999999997,0.2400000000000005,0.5,0,no_ik_solution,nan,,,,,,
0.6599999999999997,0.2600000000000005,0.5,0,no_ik_solution,nan,,,,,,
0.6599999999999997,0.2800000000000005,0.5,0,no_ik_solution,nan,,,,,,
0.6599999999999997,0.30000000000000054,0.5,0,no_ik_solution,nan,,,,,,
0.6799999999999997,-0.3,0.5,0,no_ik_solution,nan,,,,,,
0.6799999999999997,-0.27999999999999997,0.5,0,no_ik_solution,nan,,,,,,
0.6799999999999997,-0.25999999999999995,0.5,0,no_ik_solution,nan,,,,,,
0.6799999999999997,-0.23999999999999994,0.5,0,no_ik_solution,nan,,,,,,
0.6799999999999997,-0.21999999999999992,0.5,0,no_ik_solution,nan,,,,,,
0.6799999999999997,-0.1999999999999999,0.5,0,no_ik_solution,nan,,,,,,
0.6799999999999997,-0.17999999999999988,0.5,0,no_ik_solution,nan,,,,,,
0.6799999999999997,-0.15999999999999986,0.5,0,no_ik_solution,nan,,,,,,
0.6799999999999997,-0.13999999999999985,0.5,0,no_ik_solution,nan,,,,,,
0.6799999999999997,-0.11999999999999983,0.5,0,no_ik_solution,nan,,,,,,
0.6799999999999997,-0.09999999999999981,0.5,0,no_ik_solution,nan,,,,,,
0.6799999999999997,-0.0799999999999998,0.5,0,no_ik_solution,nan,,,,,,
0.6799999999999997,-0.059999999999999776,0.5,0,no_ik_solution,nan,,,,,,
0.6799999999999997,-0.03999999999999976,0.5,0,no_ik_solution,nan,,,,,,
0.6799999999999997,-0.01999999999999974,0.5,0,no_ik_solution,nan,,,,,,
0.6799999999999997,2.7755575615628914e-16,0.5,0,no_ik_solution,nan,,,,,,
0.6799999999999997,0.020000000000000295,0.5,0,no_ik_solution,nan,,,,,,
0.6799999999999997,0.04000000000000031,0.5,0,no_ik_solution,nan,,,,,,
0.6799999999999997,0.06000000000000033,0.5,0,no_ik_solution,nan,,,,,,
0.6799999999999997,0.08000000000000035,0.5,0,no_ik_solution,nan,,,,,,
0.6799999999999997,0.10000000000000037,0.5,0,no_ik_solution,nan,,,,,,
0.6799999999999997,0.12000000000000038,0.5,0,no_ik_solution,nan,,,,,,
0.6799999999999997,0.1400000000000004,0.5,0,no_ik_solution,nan,,,,,,
0.6799999999999997,0.16000000000000042,0.5,0,no_ik_solution,nan,,,,,,
0.6799999999999997,0.18000000000000044,0.5,0,no_ik_solution,nan,,,,,,
0.6799999999999997,0.20000000000000046,0.5,0,no_ik_solution,nan,,,,,,
0.6799999999999997,0.22000000000000047,0.5,0,no_ik_solution,nan,,,,,,
0.6799999999999997,0.2400000000000005,0.5,0,no_ik_solution,nan,,,,,,
0.6799999999999997,0.2600000000000005,0.5,0,no_ik_solution,nan,,,,,,
0.6799999999999997,0.2800000000000005,0.5,0,no_ik_solution,nan,,,,,,
0.6799999999999997,0.30000000000000054,0.5,0,no_ik_solution,nan,,,,,,
0.6999999999999997,-0.3,0.5,0,no_ik_solution,nan,,,,,,
0.6999999999999997,-0.27999999999999997,0.5,0,no_ik_solution,nan,,,,,,
0.6999999999999997,-0.25999999999999995,0.5,0,no_ik_solution,nan,,,,,,
0.6999999999999997,-0.23999999999999994,0.5,0,no_ik_solution,nan,,,,,,
0.6999999999999997,-0.21999999999999992,0.5,0,no_ik_solution,nan,,,,,,
0.6999999999999997,-0.1999999999999999,0.5,0,no_ik_solution,nan,,,,,,
0.6999999999999997,-0.17999999999999988,0.5,0,no_ik_solution,nan,,,,,,
0.6999999999999997,-0.15999999999999986,0.5,0,no_ik_solution,nan,,,,,,
0.6999999999999997,-0.13999999999999985,0.5,0,no_ik_solution,nan,,,,,,
0.6999999999999997,-0.11999999999999983,0.5,0,no_ik_solution,nan,,,,,,
0.6999999999999997,-0.09999999999999981,0.5,0,no_ik_solution,nan,,,,,,
0.6999999999999997,-0.0799999999999998,0.5,0,no_ik_solution,nan,,,,,,
0.6999999999999997,-0.059999999999999776,0.5,0,no_ik_solution,nan,,,,,,
0.6999999999999997,-0.03999999999999976,0.5,0,no_ik_solution,nan,,,,,,
0.6999999999999997,-0.01999999999999974,0.5,0,no_ik_solution,nan,,,,,,
0.6999999999999997,2.7755575615628914e-16,0.5,0,no_ik_solution,nan,,,,,,
0.6999999999999997,0.020000000000000295,0.5,0,no_ik_solution,nan,,,,,,
0.6999999999999997,0.04000000000000031,0.5,0,no_ik_solution,nan,,,,,,
0.6999999999999997,0.06000000000000033,0.5,0,no_ik_solution,nan,,,,,,
0.6999999999999997,0.08000000000000035,0.5,0,no_ik_solution,nan,,,,,,
0.6999999999999997,0.10000000000000037,0.5,0,no_ik_solution,nan,,,,,,
0.6999999999999997,0.12000000000000038,0.5,0,no_ik_solution,nan,,,,,,
0.6999999999999997,0.1400000000000004,0.5,0,no_ik_solution,nan,,,,,,
0.6999999999999997,0.16000000000000042,0.5,0,no_ik_solution,nan,,,,,,
0.6999999999999997,0.18000000000000044,0.5,0,no_ik_solution,nan,,,,,,
0.6999999999999997,0.20000000000000046,0.5,0,no_ik_solution,nan,,,,,,
0.6999999999999997,0.22000000000000047,0.5,0,no_ik_solution,nan,,,,,,
0.6999999999999997,0.2400000000000005,0.5,0,no_ik_solution,nan,,,,,,
0.6999999999999997,0.2600000000000005,0.5,0,no_ik_solution,nan,,,,,,
0.6999999999999997,0.2800000000000005,0.5,0,no_ik_solution,nan,,,,,,
0.6999999999999997,0.30000000000000054,0.5,0,no_ik_solution,nan,,,,,,
0.7199999999999998,-0.3,0.5,0,no_ik_solution,nan,,,,,,
0.7199999999999998,-0.27999999999999997,0.5,0,no_ik_solution,nan,,,,,,
0.7199999999999998,-0.25999999999999995,0.5,0,no_ik_solution,nan,,,,,,
0.7199999999999998,-0.23999999999999994,0.5,0,no_ik_solution,nan,,,,,,
0.7199999999999998,-0.21999999999999992,0.5,0,no_ik_solution,nan,,,,,,
0.7199999999999998,-0.1999999999999999,0.5,0,no_ik_solution,nan,,,,,,
0.7199999999999998,-0.17999999999999988,0.5,0,no_ik_solution,nan,,,,,,
0.7199999999999998,-0.15999999999999986,0.5,0,no_ik_solution,nan,,,,,,
0.7199999999999998,-0.13999999999999985,0.5,0,no_ik_solution,nan,,,,,,
0.7199999999999998,-0.11999999999999983,0.5,0,no_ik_solution,nan,,,,,,
0.7199999999999998,-0.09999999999999981,0.5,0,no_ik_solution,nan,,,,,,
0.7199999999999998,-0.0799999999999998,0.5,0,no_ik_solution,nan,,,,,,
0.7199999999999998,-0.059999999999999776,0.5,0,no_ik_solution,nan,,,,,,
0.7199999999999998,-0.03999999999999976,0.5,0,no_ik_solution,nan,,,,,,
0.7199999999999998,-0.01999999999999974,0.5,0,no_ik_solution,nan,,,,,,
0.7199999999999998,2.7755575615628914e-16,0.5,0,no_ik_solution,nan,,,,,,
0.7199999999999998,0.020000000000000295,0.5,0,no_ik_solution,nan,,,,,,
0.7199999999999998,0.04000000000000031,0.5,0,no_ik_solution,nan,,,,,,
0.7199999999999998,0.06000000000000033,0.5,0,no_ik_solution,nan,,,,,,
0.7199999999999998,0.08000000000000035,0.5,0,no_ik_solution,nan,,,,,,
0.7199999999999998,0.10000000000000037,0.5,0,no_ik_solution,nan,,,,,,
0.7199999999999998,0.12000000000000038,0.5,0,no_ik_solution,nan,,,,,,
0.7199999999999998,0.1400000000000004,0.5,0,no_ik_solution,nan,,,,,,
0.7199999999999998,0.16000000000000042,0.5,0,no_ik_solution,nan,,,,,,
0.7199999999999998,0.18000000000000044,0.5,0,no_ik_solution,nan,,,,,,
0.7199999999999998,0.20000000000000046,0.5,0,no_ik_solution,nan,,,,,,
0.7199999999999998,0.22000000000000047,0.5,0,no_ik_solution,nan,,,,,,
0.7199999999999998,0.2400000000000005,0.5,0,no_ik_solution,nan,,,,,,
0.7199999999999998,0.2600000000000005,0.5,0,no_ik_solution,nan,,,,,,
0.7199999999999998,0.2800000000000005,0.5,0,no_ik_solution,nan,,,,,,
0.7199999999999998,0.30000000000000054,0.5,0,no_ik_solution,nan,,,,,,
0.7399999999999998,-0.3,0.5,0,no_ik_solution,nan,,,,,,
0.7399999999999998,-0.27999999999999997,0.5,0,no_ik_solution,nan,,,,,,
0.7399999999999998,-0.25999999999999995,0.5,0,no_ik_solution,nan,,,,,,
0.7399999999999998,-0.23999999999999994,0.5,0,no_ik_solution,nan,,,,,,
0.7399999999999998,-0.21999999999999992,0.5,0,no_ik_solution,nan,,,,,,
0.7399999999999998,-0.1999999999999999,0.5,0,no_ik_solution,nan,,,,,,
0.7399999999999998,-0.17999999999999988,0.5,0,no_ik_solution,nan,,,,,,
0.7399999999999998,-0.15999999999999986,0.5,0,no_ik_solution,nan,,,,,,
0.7399999999999998,-0.13999999999999985,0.5,0,no_ik_solution,nan,,,,,,
0.7399999999999998,-0.11999999999999983,0.5,0,no_ik_solution,nan,,,,,,
0.7399999999999998,-0.09999999999999981,0.5,0,no_ik_solution,nan,,,,,,
0.7399999999999998,-0.0799999999999998,0.5,0,no_ik_solution,nan,,,,,,
0.7399999999999998,-0.059999999999999776,0.5,0,no_ik_solution,nan,,,,,,
0.7399999999999998,-0.03999999999999976,0.5,0,no_ik_solution,nan,,,,,,
0.7399999999999998,-0.01999999999999974,0.5,0,no_ik_solution,nan,,,,,,
0.7399999999999998,2.7755575615628914e-16,0.5,0,no_ik_solution,nan,,,,,,
0.7399999999999998,0.020000000000000295,0.5,0,no_ik_solution,nan,,,,,,
0.7399999999999998,0.04000000000000031,0.5,0,no_ik_solution,nan,,,,,,
0.7399999999999998,0.06000000000000033,0.5,0,no_ik_solution,nan,,,,,,
0.7399999999999998,0.08000000000000035,0.5,0,no_ik_solution,nan,,,,,,
0.7399999999999998,0.10000000000000037,0.5,0,no_ik_solution,nan,,,,,,
0.7399999999999998,0.12000000000000038,0.5,0,no_ik_solution,nan,,,,,,
0.7399999999999998,0.1400000000000004,0.5,0,no_ik_solution,nan,,,,,,
0.7399999999999998,0.16000000000000042,0.5,0,no_ik_solution,nan,,,,,,
0.7399999999999998,0.18000000000000044,0.5,0,no_ik_solution,nan,,,,,,
0.7399999999999998,0.20000000000000046,0.5,0,no_ik_solution,nan,,,,,,
0.7399999999999998,0.22000000000000047,0.5,0,no_ik_solution,nan,,,,,,
0.7399999999999998,0.2400000000000005,0.5,0,no_ik_solution,nan,,,,,,
0.7399999999999998,0.2600000000000005,0.5,0,no_ik_solution,nan,,,,,,
0.7399999999999998,0.2800000000000005,0.5,0,no_ik_solution,nan,,,,,,
0.7399999999999998,0.30000000000000054,0.5,0,no_ik_solution,nan,,,,,,
0.7599999999999998,-0.3,0.5,0,no_ik_solution,nan,,,,,,
0.7599999999999998,-0.27999999999999997,0.5,0,no_ik_solution,nan,,,,,,
0.7599999999999998,-0.25999999999999995,0.5,0,no_ik_solution,nan,,,,,,
0.7599999999999998,-0.23999999999999994,0.5,0,no_ik_solution,nan,,,,,,
0.7599999999999998,-0.21999999999999992,0.5,0,no_ik_solution,nan,,,,,,
0.7599999999999998,-0.1999999999999999,0.5,0,no_ik_solution,nan,,,,,,
0.7599999999999998,-0.17999999999999988,0.5,0,no_ik_solution,nan,,,,,,
0.7599999999999998,-0.15999999999999986,0.5,0,no_ik_solution,nan,,,,,,
0.7599999999999998,-0.13999999999999985,0.5,0,no_ik_solution,nan,,,,,,
0.7599999999999998,-0.11999999999999983,0.5,0,no_ik_solution,nan,,,,,,
0.7599999999999998,-0.09999999999999981,0.5,0,no_ik_solution,nan,,,,,,
0.7599999999999998,-0.0799999999999998,0.5,0,no_ik_solution,nan,,,,,,
0.7599999999999998,-0.059999999999999776,0.5,0,no_ik_solution,nan,,,,,,
0.7599999999999998,-0.03999999999999976,0.5,0,no_ik_solution,nan,,,,,,
0.7599999999999998,-0.01999999999999974,0.5,0,no_ik_solution,nan,,,,,,
0.7599999999999998,2.7755575615628914e-16,0.5,0,no_ik_solution,nan,,,,,,
0.7599999999999998,0.020000000000000295,0.5,0,no_ik_solution,nan,,,,,,
0.7599999999999998,0.04000000000000031,0.5,0,no_ik_solution,nan,,,,,,
0.7599999999999998,0.06000000000000033,0.5,0,no_ik_solution,nan,,,,,,
0.7599999999999998,0.08000000000000035,0.5,0,no_ik_solution,nan,,,,,,
0.7599999999999998,0.10000000000000037,0.5,0,no_ik_solution,nan,,,,,,
0.7599999999999998,0.12000000000000038,0.5,0,no_ik_solution,nan,,,,,,
0.7599999999999998,0.1400000000000004,0.5,0,no_ik_solution,nan,,,,,,
0.7599999999999998,0.16000000000000042,0.5,0,no_ik_solution,nan,,,,,,
0.7599999999999998,0.18000000000000044,0.5,0,no_ik_solution,nan,,,,,,
0.7599999999999998,0.20000000000000046,0.5,0,no_ik_solution,nan,,,,,,
0.7599999999999998,0.22000000000000047,0.5,0,no_ik_solution,nan,,,,,,
0.7599999999999998,0.2400000000000005,0.5,0,no_ik_solution,nan,,,,,,
0.7599999999999998,0.2600000000000005,0.5,0,no_ik_solution,nan,,,,,,
0.7599999999999998,0.2800000000000005,0.5,0,no_ik_solution,nan,,,,,,
0.7599999999999998,0.30000000000000054,0.5,0,no_ik_solution,nan,,,,,,
0.7799999999999998,-0.3,0.5,0,no_ik_solution,nan,,,,,,
0.7799999999999998,-0.27999999999999997,0.5,0,no_ik_solution,nan,,,,,,
0.7799999999999998,-0.25999999999999995,0.5,0,no_ik_solution,nan,,,,,,
0.7799999999999998,-0.23999999999999994,0.5,0,no_ik_solution,nan,,,,,,
0.7799999999999998,-0.21999999999999992,0.5,0,no_ik_solution,nan,,,,,,
0.7799999999999998,-0.1999999999999999,0.5,0,no_ik_solution,nan,,,,,,
0.7799999999999998,-0.17999999999999988,0.5,0,no_ik_solution,nan,,,,,,
0.7799999999999998,-0.15999999999999986,0.5,0,no_ik_solution,nan,,,,,,
0.7799999999999998,-0.13999999999999985,0.5,0,no_ik_solution,nan,,,,,,
0.7799999999999998,-0.11999999999999983,0.5,0,no_ik_solution,nan,,,,,,
0.7799999999999998,-0.09999999999999981,0.5,0,no_ik_solution,nan,,,,,,
0.7799999999999998,-0.0799999999999998,0.5,0,no_ik_solution,nan,,,,,,
0.7799999999999998,-0.059999999999999776,0.5,0,no_ik_solution,nan,,,,,,
0.7799999999999998,-0.03999999999999976,0.5,0,no_ik_solution,nan,,,,,,
0.7799999999999998,-0.01999999999999974,0.5,0,no_ik_solution,nan,,,,,,
0.7799999999999998,2.7755575615628914e-16,0.5,0,no_ik_solution,nan,,,,,,
0.7799999999999998,0.020000000000000295,0.5,0,no_ik_solution,nan,,,,,,
0.7799999999999998,0.04000000000000031,0.5,0,no_ik_solution,nan,,,,,,
0.7799999999999998,0.06000000000000033,0.5,0,no_ik_solution,nan,,,,,,
0.7799999999999998,0.08000000000000035,0.5,0,no_ik_solution,nan,,,,,,
0.7799999999999998,0.10000000000000037,0.5,0,no_ik_solution,nan,,,,,,
0.7799999999999998,0.12000000000000038,0.5,0,no_ik_solution,nan,,,,,,
0.7799999999999998,0.1400000000000004,0.5,0,no_ik_solution,nan,,,,,,
0.7799999999999998,0.16000000000000042,0.5,0,no_ik_solution,nan,,,,,,
0.7799999999999998,0.18000000000000044,0.5,0,no_ik_solution,nan,,,,,,
0.7799999999999998,0.20000000000000046,0.5,0,no_ik_solution,nan,,,,,,
0.7799999999999998,0.22000000000000047,0.5,0,no_ik_solution,nan,,,,,,
0.7799999999999998,0.2400000000000005,0.5,0,no_ik_solution,nan,,,,,,
0.7799999999999998,0.2600000000000005,0.5,0,no_ik_solution,nan,,,,,,
0.7799999999999998,0.2800000000000005,0.5,0,no_ik_solution,nan,,,,,,
0.7799999999999998,0.30000000000000054,0.5,0,no_ik_solution,nan,,,,,,
0.7999999999999996,-0.3,0.5,0,no_ik_solution,nan,,,,,,
0.7999999999999996,-0.27999999999999997,0.5,0,no_ik_solution,nan,,,,,,
0.7999999999999996,-0.25999999999999995,0.5,0,no_ik_solution,nan,,,,,,
0.7999999999999996,-0.23999999999999994,0.5,0,no_ik_solution,nan,,,,,,
0.7999999999999996,-0.21999999999999992,0.5,0,no_ik_solution,nan,,,,,,
0.7999999999999996,-0.1999999999999999,0.5,0,no_ik_solution,nan,,,,,,
0.7999999999999996,-0.17999999999999988,0.5,0,no_ik_solution,nan,,,,,,
0.7999999999999996,-0.15999999999999986,0.5,0,no_ik_solution,nan,,,,,,
0.7999999999999996,-0.13999999999999985,0.5,0,no_ik_solution,nan,,,,,,
0.7999999999999996,-0.11999999999999983,0.5,0,no_ik_solution,nan,,,,,,
0.7999999999999996,-0.09999999999999981,0.5,0,no_ik_solution,nan,,,,,,
0.7999999999999996,-0.0799999999999998,0.5,0,no_ik_solution,nan,,,,,,
0.7999999999999996,-0.059999999999999776,0.5,0,no_ik_solution,nan,,,,,,
0.7999999999999996,-0.03999999999999976,0.5,0,no_ik_solution,nan,,,,,,
0.7999999999999996,-0.01999999999999974,0.5,0,no_ik_solution,nan,,,,,,
0.7999999999999996,2.7755575615628914e-16,0.5,0,no_ik_solution,nan,,,,,,
0.7999999999999996,0.020000000000000295,0.5,0,no_ik_solution,nan,,,,,,
0.7999999999999996,0.04000000000000031,0.5,0,no_ik_solution,nan,,,,,,
0.7999999999999996,0.06000000000000033,0.5,0,no_ik_solution,nan,,,,,,
0.7999999999999996,0.08000000000000035,0.5,0,no_ik_solution,nan,,,,,,
0.7999999999999996,0.10000000000000037,0.5,0,no_ik_solution,nan,,,,,,
0.7999999999999996,0.12000000000000038,0.5,0,no_ik_solution,nan,,,,,,
0.7999999999999996,0.1400000000000004,0.5,0,no_ik_solution,nan,,,,,,
0.7999999999999996,0.16000000000000042,0.5,0,no_ik_solution,nan,,,,,,
0.7999999999999996,0.18000000000000044,0.5,0,no_ik_solution,nan,,,,,,
0.7999999999999996,0.20000000000000046,0.5,0,no_ik_solution,nan,,,,,,
0.7999999999999996,0.22000000000000047,0.5,0,no_ik_solution,nan,,,,,,
0.7999999999999996,0.2400000000000005,0.5,0,no_ik_solution,nan,,,,,,
0.7999999999999996,0.2600000000000005,0.5,0,no_ik_solution,nan,,,,,,
0.7999999999999996,0.2800000000000005,0.5,0,no_ik_solution,nan,,,,,,
0.7999999999999996,0.30000000000000054,0.5,0,no_ik_solution,nan,,,,,,
